timestamp,candle_time,equity,pos_act,mult_act,trade_type,lots,price,comment
2026-01-05 02:43:19,2026-01-05 03:40:00,101617.66,-1.0000,0.5000,SIGNAL,0,0,
2026-01-05 02:43:20,2026-01-05 03:40:00,101615.36,-1.0000,0.5000,SELL,0.1,4398.77,LiveTrade
2026-01-05 02:45:01,2026-01-05 03:45:00,101564.16,-1.0000,0.5000,SIGNAL,0,0,
2026-01-05 02:45:01,2026-01-05 03:45:00,101561.86,-1.0000,0.5000,SELL,0.1,4403.16,LiveTrade
2026-01-05 02:49:55,2026-01-05 03:50:00,101600.06,-0.8028,0.5000,SIGNAL,0,0,
2026-01-05 02:54:59,2026-01-05 03:55:00,101646.76,-1.0000,0.5000,SIGNAL,0,0,
2026-01-05 02:54:59,2026-01-05 03:55:00,101644.46,-1.0000,0.5000,SELL,0.1,4398.49,LiveTrade
2026-01-05 02:59:53,2026-01-05 04:00:00,101606.36,-1.0000,0.5000,SIGNAL,0,0,
2026-01-05 03:04:57,2026-01-05 04:05:00,101596.76,-1.0000,0.5000,SIGNAL,0,0,
2026-01-05 03:04:57,2026-01-05 04:05:00,101594.46,-1.0000,0.5000,SELL,0.1,4399.35,LiveTrade
2026-01-05 03:10:01,2026-01-05 04:10:00,101684.46,1.0000,0.5000,SIGNAL,0,0,
2026-01-05 03:10:01,2026-01-05 04:10:00,101684.46,1.0000,0.5000,CLOSE,0.1,4390.58,Sniper Reverse
2026-01-05 03:10:01,2026-01-05 04:10:00,101682.16,1.0000,0.5000,BUY,0.1,4390.58,LiveTrade
2026-01-05 03:14:55,2026-01-05 04:15:00,101718.76,0.3005,0.5000,SIGNAL,0,0,
2026-01-05 03:20:00,2026-01-05 04:20:00,101721.16,-0.0766,0.5000,SIGNAL,0,0,
2026-01-05 03:24:54,2026-01-05 04:25:00,101751.86,0.5075,0.5000,SIGNAL,0,0,
2026-01-05 03:41:44,2026-01-05 04:40:00,101787.36,-1.0000,0.5000,SIGNAL,0,0,
2026-01-05 03:41:44,2026-01-05 04:40:00,101785.26,-1.0000,0.5000,SELL,0.1,4404.37,LiveTrade
2026-01-05 03:41:54,2026-01-05 04:40:00,101780.76,-1.0000,0.5000,SIGNAL,0,0,
2026-01-05 03:42:05,2026-01-05 04:40:00,101788.36,-1.0000,0.5000,SIGNAL,0,0,
2026-01-05 03:42:15,2026-01-05 04:40:00,101798.16,-1.0000,0.5000,SIGNAL,0,0,
2026-01-05 03:42:25,2026-01-05 04:40:00,101800.66,-1.0000,0.5000,SIGNAL,0,0,
2026-01-05 03:42:35,2026-01-05 04:40:00,101792.76,-1.0000,0.5000,SIGNAL,0,0,
2026-01-05 03:42:45,2026-01-05 04:40:00,101790.96,-1.0000,0.5000,SIGNAL,0,0,
2026-01-05 03:42:55,2026-01-05 04:40:00,101780.76,-1.0000,0.5000,SIGNAL,0,0,
2026-01-05 03:43:06,2026-01-05 04:40:00,101791.26,-1.0000,0.5000,SIGNAL,0,0,
2026-01-05 03:43:16,2026-01-05 04:40:00,101799.76,-1.0000,0.5000,SIGNAL,0,0,
2026-01-05 03:43:26,2026-01-05 04:40:00,101801.16,-1.0000,0.5000,SIGNAL,0,0,
2026-01-05 03:43:36,2026-01-05 04:40:00,101812.76,-1.0000,0.5000,SIGNAL,0,0,
2026-01-05 03:43:46,2026-01-05 04:40:00,101816.56,-1.0000,0.5000,SIGNAL,0,0,
2026-01-05 03:43:57,2026-01-05 04:40:00,101822.06,-1.0000,0.5000,SIGNAL,0,0,
2026-01-05 03:44:07,2026-01-05 04:40:00,101813.06,-1.0000,0.5000,SIGNAL,0,0,
2026-01-05 03:44:17,2026-01-05 04:40:00,101818.36,-1.0000,0.5000,SIGNAL,0,0,
2026-01-05 03:44:27,2026-01-05 04:40:00,101824.86,-1.0000,0.5000,SIGNAL,0,0,
2026-01-05 03:44:37,2026-01-05 04:40:00,101828.06,-1.0000,0.5000,SIGNAL,0,0,
2026-01-05 03:44:47,2026-01-05 04:40:00,101829.16,-1.0000,0.5000,SIGNAL,0,0,
2026-01-05 03:44:58,2026-01-05 04:45:00,101823.36,-1.0000,0.5000,SIGNAL,0,0,
2026-01-05 03:45:08,2026-01-05 04:45:00,101823.96,-1.0000,0.5000,SIGNAL,0,0,
2026-01-05 03:45:18,2026-01-05 04:45:00,101821.56,-1.0000,0.5000,SIGNAL,0,0,
2026-01-05 03:45:28,2026-01-05 04:45:00,101819.16,-1.0000,0.5000,SIGNAL,0,0,
2026-01-05 03:45:38,2026-01-05 04:45:00,101824.56,-1.0000,0.5000,SIGNAL,0,0,
2026-01-05 03:45:49,2026-01-05 04:45:00,101834.56,-0.5837,0.5000,SIGNAL,0,0,
2026-01-05 03:45:59,2026-01-05 04:45:00,101838.86,-0.7734,0.5000,SIGNAL,0,0,
2026-01-05 03:46:09,2026-01-05 04:45:00,101828.06,-1.0000,0.5000,SIGNAL,0,0,
2026-01-05 03:46:19,2026-01-05 04:45:00,101817.26,-1.0000,0.5000,SIGNAL,0,0,
2026-01-05 03:46:19,2026-01-05 04:45:00,101815.96,-1.0000,0.5000,SELL,0.1,4401.19,LiveTrade
2026-01-05 03:46:29,2026-01-05 04:45:00,101808.86,-1.0000,0.5000,SIGNAL,0,0,
2026-01-05 03:46:39,2026-01-05 04:45:00,101807.06,-1.0000,0.5000,SIGNAL,0,0,
2026-01-05 03:46:50,2026-01-05 04:45:00,101802.46,-1.0000,0.5000,SIGNAL,0,0,
2026-01-05 03:47:00,2026-01-05 04:45:00,101795.56,-1.0000,0.5000,SIGNAL,0,0,
2026-01-05 03:47:10,2026-01-05 04:45:00,101790.76,-1.0000,0.5000,SIGNAL,0,0,
2026-01-05 03:47:20,2026-01-05 04:45:00,101790.76,-1.0000,0.5000,SIGNAL,0,0,
2026-01-05 03:47:31,2026-01-05 04:45:00,101790.76,-1.0000,0.5000,SIGNAL,0,0,
2026-01-05 03:47:41,2026-01-05 04:45:00,101790.76,-1.0000,0.5000,SIGNAL,0,0,
2026-01-05 03:47:51,2026-01-05 04:45:00,101790.76,-1.0000,0.5000,SIGNAL,0,0,
2026-01-05 03:48:01,2026-01-05 04:45:00,101790.76,-1.0000,0.5000,SIGNAL,0,0,
2026-01-05 03:48:11,2026-01-05 04:45:00,101790.76,-1.0000,0.5000,SIGNAL,0,0,
2026-01-05 03:48:22,2026-01-05 04:45:00,101790.76,-1.0000,0.5000,SIGNAL,0,0,
2026-01-05 03:48:32,2026-01-05 04:45:00,101790.76,-1.0000,0.5000,SIGNAL,0,0,
2026-01-05 03:48:42,2026-01-05 04:45:00,101790.76,-1.0000,0.5000,SIGNAL,0,0,
2026-01-05 03:48:52,2026-01-05 04:45:00,101790.76,-1.0000,0.5000,SIGNAL,0,0,
2026-01-05 03:49:02,2026-01-05 04:45:00,101790.76,-1.0000,0.5000,SIGNAL,0,0,
2026-01-05 03:49:12,2026-01-05 04:45:00,101790.76,-1.0000,0.5000,SIGNAL,0,0,
2026-01-05 03:49:23,2026-01-05 04:45:00,101790.76,-1.0000,0.5000,SIGNAL,0,0,
2026-01-05 03:49:33,2026-01-05 04:45:00,101790.76,-1.0000,0.5000,SIGNAL,0,0,
2026-01-05 03:49:43,2026-01-05 04:45:00,101790.76,-1.0000,0.5000,SIGNAL,0,0,
2026-01-05 03:49:53,2026-01-05 04:50:00,101790.76,-1.0000,0.5000,SIGNAL,0,0,
2026-01-05 03:49:54,2026-01-05 04:50:00,101789.86,-1.0000,0.5000,SELL,0.1,4403.63,LiveTrade
2026-01-05 03:50:04,2026-01-05 04:50:00,101785.46,-1.0000,0.5000,SIGNAL,0,0,
2026-01-05 03:50:14,2026-01-05 04:50:00,101784.06,-1.0000,0.5000,SIGNAL,0,0,
2026-01-05 03:50:24,2026-01-05 04:50:00,101795.86,-1.0000,0.5000,SIGNAL,0,0,
2026-01-05 03:50:34,2026-01-05 04:50:00,101791.06,-1.0000,0.5000,SIGNAL,0,0,
2026-01-05 03:50:45,2026-01-05 04:50:00,101795.56,-1.0000,0.5000,SIGNAL,0,0,
2026-01-05 03:50:55,2026-01-05 04:50:00,101789.46,-1.0000,0.5000,SIGNAL,0,0,
2026-01-05 03:51:05,2026-01-05 04:50:00,101774.76,-1.0000,0.5000,SIGNAL,0,0,
2026-01-05 03:51:15,2026-01-05 04:50:00,101775.86,-1.0000,0.5000,SIGNAL,0,0,
2026-01-05 03:51:25,2026-01-05 04:50:00,101773.16,-1.0000,0.5000,SIGNAL,0,0,
2026-01-05 03:51:35,2026-01-05 04:50:00,101766.36,-1.0000,0.5000,SIGNAL,0,0,
2026-01-05 03:51:45,2026-01-05 04:50:00,101766.26,-1.0000,0.5000,SIGNAL,0,0,
2026-01-05 03:51:56,2026-01-05 04:50:00,101764.86,-1.0000,0.5000,SIGNAL,0,0,
2026-01-05 03:52:06,2026-01-05 04:50:00,101763.66,-1.0000,0.5000,SIGNAL,0,0,
2026-01-05 03:52:16,2026-01-05 04:50:00,101765.06,-1.0000,0.5000,SIGNAL,0,0,
2026-01-05 03:52:26,2026-01-05 04:50:00,101760.56,-1.0000,0.5000,SIGNAL,0,0,
2026-01-05 03:52:37,2026-01-05 04:50:00,101760.56,-1.0000,0.5000,SIGNAL,0,0,
2026-01-05 04:36:54,2026-01-05 05:35:00,101772.86,-1.0000,0.5000,SIGNAL,0,0,
2026-01-05 04:36:54,2026-01-05 05:35:00,101771.66,-1.0000,0.5000,SELL,0.1,4405.98,LiveTrade
2026-01-05 04:37:04,2026-01-05 05:35:00,101771.46,-1.0000,0.5000,SIGNAL,0,0,
2026-01-05 04:37:14,2026-01-05 05:35:00,101767.36,-1.0000,0.5000,SIGNAL,0,0,
2026-01-05 04:37:24,2026-01-05 05:35:00,101766.26,-1.0000,0.5000,SIGNAL,0,0,
2026-01-05 04:37:35,2026-01-05 05:35:00,101768.86,-1.0000,0.5000,SIGNAL,0,0,
2026-01-05 04:37:45,2026-01-05 05:35:00,101771.26,-1.0000,0.5000,SIGNAL,0,0,
2026-01-05 04:37:55,2026-01-05 05:35:00,101774.26,-1.0000,0.5000,SIGNAL,0,0,
2026-01-05 04:38:05,2026-01-05 05:35:00,101770.66,-1.0000,0.5000,SIGNAL,0,0,
2026-01-05 04:38:16,2026-01-05 05:35:00,101764.26,-1.0000,0.5000,SIGNAL,0,0,
2026-01-05 04:38:26,2026-01-05 05:35:00,101760.46,-1.0000,0.5000,SIGNAL,0,0,
2026-01-05 04:38:36,2026-01-05 05:35:00,101758.06,-1.0000,0.5000,SIGNAL,0,0,
2026-01-05 04:38:46,2026-01-05 05:35:00,101756.66,-1.0000,0.5000,SIGNAL,0,0,
2026-01-05 04:38:57,2026-01-05 05:35:00,101746.66,-1.0000,0.5000,SIGNAL,0,0,
2026-01-05 04:39:07,2026-01-05 05:35:00,101746.66,-1.0000,0.5000,SIGNAL,0,0,
2026-01-05 04:39:17,2026-01-05 05:35:00,101746.66,-1.0000,0.5000,SIGNAL,0,0,
2026-01-05 04:39:27,2026-01-05 05:35:00,101746.66,-1.0000,0.5000,SIGNAL,0,0,
2026-01-05 04:39:37,2026-01-05 05:35:00,101746.66,-1.0000,0.5000,SIGNAL,0,0,
2026-01-05 04:39:47,2026-01-05 05:35:00,101746.66,-1.0000,0.5000,SIGNAL,0,0,
2026-01-05 04:39:58,2026-01-05 05:40:00,101746.66,-1.0000,0.5000,SIGNAL,0,0,
2026-01-05 04:39:59,2026-01-05 05:40:00,101745.96,-1.0000,0.5000,SELL,0.1,4408.42,LiveTrade
2026-01-05 04:40:09,2026-01-05 05:40:00,101744.76,-1.0000,0.5000,SIGNAL,0,0,
2026-01-05 04:40:19,2026-01-05 05:40:00,101745.66,-1.0000,0.5000,SIGNAL,0,0,
2026-01-05 04:40:29,2026-01-05 05:40:00,101747.66,-1.0000,0.5000,SIGNAL,0,0,
2026-01-05 04:40:40,2026-01-05 05:40:00,101742.86,-1.0000,0.5000,SIGNAL,0,0,
2026-01-05 04:40:50,2026-01-05 05:40:00,101741.36,-1.0000,0.5000,SIGNAL,0,0,
2026-01-05 04:41:00,2026-01-05 05:40:00,101741.76,-1.0000,0.5000,SIGNAL,0,0,
2026-01-05 04:41:10,2026-01-05 05:40:00,101747.26,-1.0000,0.5000,SIGNAL,0,0,
2026-01-05 04:41:21,2026-01-05 05:40:00,101745.46,-1.0000,0.5000,SIGNAL,0,0,
2026-01-05 04:41:31,2026-01-05 05:40:00,101743.86,-1.0000,0.5000,SIGNAL,0,0,
2026-01-05 04:41:41,2026-01-05 05:40:00,101745.36,-1.0000,0.5000,SIGNAL,0,0,
2026-01-05 04:41:51,2026-01-05 05:40:00,101743.86,-1.0000,0.5000,SIGNAL,0,0,
2026-01-05 04:42:01,2026-01-05 05:40:00,101740.96,-1.0000,0.5000,SIGNAL,0,0,
2026-01-05 04:42:11,2026-01-05 05:40:00,101740.76,-1.0000,0.5000,SIGNAL,0,0,
2026-01-05 04:42:22,2026-01-05 05:40:00,101730.56,-1.0000,0.5000,SIGNAL,0,0,
2026-01-05 04:42:32,2026-01-05 05:40:00,101726.86,-1.0000,0.5000,SIGNAL,0,0,
2026-01-05 04:42:42,2026-01-05 05:40:00,101727.36,-1.0000,0.5000,SIGNAL,0,0,
2026-01-05 04:42:52,2026-01-05 05:40:00,101728.56,-1.0000,0.5000,SIGNAL,0,0,
2026-01-05 04:43:03,2026-01-05 05:40:00,101726.76,-1.0000,0.5000,SIGNAL,0,0,
2026-01-05 04:43:13,2026-01-05 05:40:00,101724.26,-1.0000,0.5000,SIGNAL,0,0,
2026-01-05 04:43:23,2026-01-05 05:40:00,101724.26,-1.0000,0.5000,SIGNAL,0,0,
2026-01-05 04:43:33,2026-01-05 05:40:00,101724.26,-1.0000,0.5000,SIGNAL,0,0,
2026-01-05 04:43:43,2026-01-05 05:40:00,101724.26,-1.0000,0.5000,SIGNAL,0,0,
2026-01-05 04:43:54,2026-01-05 05:40:00,101724.26,-1.0000,0.5000,SIGNAL,0,0,
2026-01-05 04:44:04,2026-01-05 05:40:00,101724.26,-1.0000,0.5000,SIGNAL,0,0,
2026-01-05 04:44:14,2026-01-05 05:40:00,101724.26,-1.0000,0.5000,SIGNAL,0,0,
2026-01-05 04:44:24,2026-01-05 05:40:00,101724.26,-1.0000,0.5000,SIGNAL,0,0,
2026-01-05 04:44:34,2026-01-05 05:40:00,101724.26,-1.0000,0.5000,SIGNAL,0,0,
2026-01-05 04:44:44,2026-01-05 05:40:00,101724.26,-1.0000,0.5000,SIGNAL,0,0,
2026-01-05 04:44:55,2026-01-05 05:45:00,101724.26,-1.0000,0.5000,SIGNAL,0,0,
2026-01-05 04:44:55,2026-01-05 05:45:00,101722.26,-1.0000,0.5000,SELL,0.1,4409.53,LiveTrade
2026-01-05 04:45:05,2026-01-05 05:45:00,101723.06,-1.0000,0.5000,SIGNAL,0,0,
2026-01-05 04:45:16,2026-01-05 05:45:00,101725.56,-1.0000,0.5000,SIGNAL,0,0,
2026-01-05 04:45:26,2026-01-05 05:45:00,101724.16,-1.0000,0.5000,SIGNAL,0,0,
2026-01-05 04:45:36,2026-01-05 05:45:00,101729.76,-1.0000,0.5000,SIGNAL,0,0,
2026-01-05 04:45:47,2026-01-05 05:45:00,101726.26,-1.0000,0.5000,SIGNAL,0,0,
2026-01-05 04:45:57,2026-01-05 05:45:00,101730.06,-1.0000,0.5000,SIGNAL,0,0,
2026-01-05 04:46:07,2026-01-05 05:45:00,101725.46,-1.0000,0.5000,SIGNAL,0,0,
2026-01-05 04:46:17,2026-01-05 05:45:00,101725.36,-1.0000,0.5000,SIGNAL,0,0,
2026-01-05 04:46:27,2026-01-05 05:45:00,101720.36,-1.0000,0.5000,SIGNAL,0,0,
2026-01-05 04:46:38,2026-01-05 05:45:00,101718.36,-1.0000,0.5000,SIGNAL,0,0,
2026-01-05 04:46:48,2026-01-05 05:45:00,101718.26,-1.0000,0.5000,SIGNAL,0,0,
2026-01-05 04:46:58,2026-01-05 05:45:00,101722.06,-1.0000,0.5000,SIGNAL,0,0,
2026-01-05 04:47:09,2026-01-05 05:45:00,101721.46,-1.0000,0.5000,SIGNAL,0,0,
2026-01-05 04:47:19,2026-01-05 05:45:00,101724.36,-1.0000,0.5000,SIGNAL,0,0,
2026-01-05 04:47:29,2026-01-05 05:45:00,101731.36,-1.0000,0.5000,SIGNAL,0,0,
2026-01-05 04:47:39,2026-01-05 05:45:00,101731.56,-1.0000,0.5000,SIGNAL,0,0,
2026-01-05 04:47:49,2026-01-05 05:45:00,101731.56,-1.0000,0.5000,SIGNAL,0,0,
2026-01-05 04:48:00,2026-01-05 05:45:00,101729.36,-1.0000,0.5000,SIGNAL,0,0,
2026-01-05 04:48:10,2026-01-05 05:45:00,101737.56,-1.0000,0.5000,SIGNAL,0,0,
2026-01-05 04:48:20,2026-01-05 05:45:00,101740.56,-1.0000,0.5000,SIGNAL,0,0,
2026-01-05 04:48:30,2026-01-05 05:45:00,101740.36,-1.0000,0.5000,SIGNAL,0,0,
2026-01-05 04:48:40,2026-01-05 05:45:00,101752.56,-1.0000,0.5000,SIGNAL,0,0,
2026-01-05 04:48:51,2026-01-05 05:45:00,101749.86,-1.0000,0.5000,SIGNAL,0,0,
2026-01-05 04:49:01,2026-01-05 05:45:00,101750.56,-1.0000,0.5000,SIGNAL,0,0,
2026-01-05 04:49:11,2026-01-05 05:45:00,101743.56,-1.0000,0.5000,SIGNAL,0,0,
2026-01-05 04:49:21,2026-01-05 05:45:00,101743.76,-1.0000,0.5000,SIGNAL,0,0,
2026-01-05 04:49:32,2026-01-05 05:45:00,101742.96,-1.0000,0.5000,SIGNAL,0,0,
2026-01-05 04:49:42,2026-01-05 05:45:00,101743.86,-1.0000,0.5000,SIGNAL,0,0,
2026-01-05 04:49:52,2026-01-05 05:45:00,101750.46,-1.0000,0.5000,SIGNAL,0,0,
2026-01-05 04:50:02,2026-01-05 05:50:00,101745.16,-1.0000,0.5000,SIGNAL,0,0,
2026-01-05 04:50:12,2026-01-05 05:50:00,101747.46,-1.0000,0.5000,SIGNAL,0,0,
2026-01-05 04:50:22,2026-01-05 05:50:00,101743.36,-1.0000,0.5000,SIGNAL,0,0,
2026-01-05 04:50:33,2026-01-05 05:50:00,101741.46,-1.0000,0.5000,SIGNAL,0,0,
2026-01-05 04:50:43,2026-01-05 05:50:00,101741.46,-1.0000,0.5000,SIGNAL,0,0,
2026-01-05 04:50:53,2026-01-05 05:50:00,101743.76,-1.0000,0.5000,SIGNAL,0,0,
2026-01-05 04:51:03,2026-01-05 05:50:00,101741.36,-1.0000,0.5000,SIGNAL,0,0,
2026-01-05 04:51:13,2026-01-05 05:50:00,101738.66,-1.0000,0.5000,SIGNAL,0,0,
2026-01-05 04:51:24,2026-01-05 05:50:00,101739.66,-1.0000,0.5000,SIGNAL,0,0,
2026-01-05 04:51:34,2026-01-05 05:50:00,101739.46,-1.0000,0.5000,SIGNAL,0,0,
2026-01-05 04:51:44,2026-01-05 05:50:00,101730.66,-1.0000,0.5000,SIGNAL,0,0,
2026-01-05 04:51:54,2026-01-05 05:50:00,101731.86,-1.0000,0.5000,SIGNAL,0,0,
2026-01-05 04:52:04,2026-01-05 05:50:00,101734.76,-1.0000,0.5000,SIGNAL,0,0,
2026-01-05 04:52:14,2026-01-05 05:50:00,101734.56,-1.0000,0.5000,SIGNAL,0,0,
2026-01-05 04:52:25,2026-01-05 05:50:00,101733.56,-1.0000,0.5000,SIGNAL,0,0,
2026-01-05 04:52:35,2026-01-05 05:50:00,101730.86,-1.0000,0.5000,SIGNAL,0,0,
2026-01-05 04:52:45,2026-01-05 05:50:00,101733.96,-1.0000,0.5000,SIGNAL,0,0,
2026-01-05 04:52:55,2026-01-05 05:50:00,101733.76,-1.0000,0.5000,SIGNAL,0,0,
2026-01-05 04:53:05,2026-01-05 05:50:00,101736.56,-1.0000,0.5000,SIGNAL,0,0,
2026-01-05 04:53:15,2026-01-05 05:50:00,101737.96,-1.0000,0.5000,SIGNAL,0,0,
2026-01-05 04:53:26,2026-01-05 05:50:00,101739.16,-1.0000,0.5000,SIGNAL,0,0,
2026-01-05 04:53:36,2026-01-05 05:50:00,101737.76,-1.0000,0.5000,SIGNAL,0,0,
2026-01-05 04:53:46,2026-01-05 05:50:00,101737.76,-1.0000,0.5000,SIGNAL,0,0,
2026-01-05 04:53:56,2026-01-05 05:50:00,101745.36,-1.0000,0.5000,SIGNAL,0,0,
2026-01-05 04:54:06,2026-01-05 05:50:00,101747.86,-1.0000,0.5000,SIGNAL,0,0,
2026-01-05 04:54:17,2026-01-05 05:50:00,101745.46,-1.0000,0.5000,SIGNAL,0,0,
2026-01-05 04:54:27,2026-01-05 05:50:00,101750.26,-1.0000,0.5000,SIGNAL,0,0,
2026-01-05 04:54:37,2026-01-05 05:50:00,101748.66,-1.0000,0.5000,SIGNAL,0,0,
2026-01-05 04:54:47,2026-01-05 05:50:00,101750.56,-1.0000,0.5000,SIGNAL,0,0,
2026-01-05 04:54:57,2026-01-05 05:55:00,101751.36,-1.0000,0.5000,SIGNAL,0,0,
2026-01-05 04:55:08,2026-01-05 05:55:00,101751.16,-1.0000,0.5000,SIGNAL,0,0,
2026-01-05 04:55:18,2026-01-05 05:55:00,101748.76,-1.0000,0.5000,SIGNAL,0,0,
2026-01-05 04:55:28,2026-01-05 05:55:00,101748.66,-1.0000,0.5000,SIGNAL,0,0,
2026-01-05 04:55:38,2026-01-05 05:55:00,101753.46,-1.0000,0.5000,SIGNAL,0,0,
2026-01-05 04:55:48,2026-01-05 05:55:00,101754.56,-1.0000,0.5000,SIGNAL,0,0,
2026-01-05 04:55:59,2026-01-05 05:55:00,101755.16,-1.0000,0.5000,SIGNAL,0,0,
2026-01-05 04:56:09,2026-01-05 05:55:00,101754.96,-1.0000,0.5000,SIGNAL,0,0,
2026-01-05 04:56:19,2026-01-05 05:55:00,101762.06,-1.0000,0.5000,SIGNAL,0,0,
2026-01-05 04:56:29,2026-01-05 05:55:00,101762.86,-1.0000,0.5000,SIGNAL,0,0,
2026-01-05 04:56:39,2026-01-05 05:55:00,101762.16,-1.0000,0.5000,SIGNAL,0,0,
2026-01-05 04:56:50,2026-01-05 05:55:00,101769.06,-0.7032,0.5000,SIGNAL,0,0,
2026-01-05 04:57:00,2026-01-05 05:55:00,101770.86,-0.2547,0.5000,SIGNAL,0,0,
2026-01-05 04:57:10,2026-01-05 05:55:00,101778.46,0.7684,0.5000,SIGNAL,0,0,
2026-01-05 04:57:11,2026-01-05 05:55:00,101777.36,0.7684,0.5000,CLOSE,0.1,4404.11,Sniper Reverse
2026-01-05 04:57:11,2026-01-05 05:55:00,101776.96,0.7684,0.5000,BUY,0.1,4404.12,LiveTrade
2026-01-05 04:57:21,2026-01-05 05:55:00,101778.46,-1.0000,0.5000,SIGNAL,0,0,
2026-01-05 04:57:21,2026-01-05 05:55:00,101778.46,-1.0000,0.5000,CLOSE,0.1,4404.22,Sniper Reverse
2026-01-05 04:57:32,2026-01-05 05:55:00,101778.46,-1.0000,0.5000,SIGNAL,0,0,
2026-01-05 04:57:42,2026-01-05 05:55:00,101778.46,-1.0000,0.5000,SIGNAL,0,0,
2026-01-05 04:57:52,2026-01-05 05:55:00,101778.46,-1.0000,0.5000,SIGNAL,0,0,
2026-01-05 04:58:02,2026-01-05 05:55:00,101778.46,-1.0000,0.5000,SIGNAL,0,0,
2026-01-05 04:58:13,2026-01-05 05:55:00,101778.46,-1.0000,0.5000,SIGNAL,0,0,
2026-01-05 04:58:23,2026-01-05 05:55:00,101778.46,-1.0000,0.5000,SIGNAL,0,0,
2026-01-05 04:58:33,2026-01-05 05:55:00,101778.46,-1.0000,0.5000,SIGNAL,0,0,
2026-01-05 04:58:43,2026-01-05 05:55:00,101778.46,-1.0000,0.5000,SIGNAL,0,0,
2026-01-05 04:58:53,2026-01-05 05:55:00,101778.46,-1.0000,0.5000,SIGNAL,0,0,
2026-01-05 04:59:04,2026-01-05 05:55:00,101778.46,-1.0000,0.5000,SIGNAL,0,0,
2026-01-05 04:59:14,2026-01-05 05:55:00,101778.46,-1.0000,0.5000,SIGNAL,0,0,
2026-01-05 04:59:24,2026-01-05 05:55:00,101778.46,-1.0000,0.5000,SIGNAL,0,0,
2026-01-05 04:59:34,2026-01-05 05:55:00,101778.46,-1.0000,0.5000,SIGNAL,0,0,
2026-01-05 04:59:45,2026-01-05 05:55:00,101778.46,-1.0000,0.5000,SIGNAL,0,0,
2026-01-05 04:59:55,2026-01-05 06:00:00,101778.46,-1.0000,0.5000,SIGNAL,0,0,
2026-01-05 04:59:55,2026-01-05 06:00:00,101777.76,-1.0000,0.5000,SELL,0.1,4400.18,LiveTrade
2026-01-05 05:00:05,2026-01-05 06:00:00,101778.06,-1.0000,0.5000,SIGNAL,0,0,
2026-01-05 05:00:15,2026-01-05 06:00:00,101778.26,-1.0000,0.5000,SIGNAL,0,0,
2026-01-05 05:00:25,2026-01-05 06:00:00,101778.86,-1.0000,0.5000,SIGNAL,0,0,
2026-01-05 05:00:36,2026-01-05 06:00:00,101788.36,-1.0000,0.5000,SIGNAL,0,0,
2026-01-05 05:00:46,2026-01-05 06:00:00,101786.76,-1.0000,0.5000,SIGNAL,0,0,
2026-01-05 05:00:56,2026-01-05 06:00:00,101768.86,-1.0000,0.5000,SIGNAL,0,0,
2026-01-05 05:01:06,2026-01-05 06:00:00,101771.86,-1.0000,0.5000,SIGNAL,0,0,
2026-01-05 05:01:16,2026-01-05 06:00:00,101764.76,-1.0000,0.5000,SIGNAL,0,0,
2026-01-05 05:01:27,2026-01-05 06:00:00,101765.66,-1.0000,0.5000,SIGNAL,0,0,
2026-01-05 05:01:37,2026-01-05 06:00:00,101761.96,-1.0000,0.5000,SIGNAL,0,0,
2026-01-05 05:01:47,2026-01-05 06:00:00,101765.76,-1.0000,0.5000,SIGNAL,0,0,
2026-01-05 05:01:57,2026-01-05 06:00:00,101763.86,-1.0000,0.5000,SIGNAL,0,0,
2026-01-05 05:02:07,2026-01-05 06:00:00,101779.86,-1.0000,0.5000,SIGNAL,0,0,
2026-01-05 05:02:18,2026-01-05 06:00:00,101773.46,-1.0000,0.5000,SIGNAL,0,0,
2026-01-05 05:02:28,2026-01-05 06:00:00,101774.46,-1.0000,0.5000,SIGNAL,0,0,
2026-01-05 05:02:38,2026-01-05 06:00:00,101780.66,-1.0000,0.5000,SIGNAL,0,0,
2026-01-05 05:02:48,2026-01-05 06:00:00,101780.66,-1.0000,0.5000,SIGNAL,0,0,
2026-01-05 05:02:58,2026-01-05 06:00:00,101777.86,-1.0000,0.5000,SIGNAL,0,0,
2026-01-05 05:03:09,2026-01-05 06:00:00,101780.86,-1.0000,0.5000,SIGNAL,0,0,
2026-01-05 05:03:19,2026-01-05 06:00:00,101794.06,-1.0000,0.5000,SIGNAL,0,0,
2026-01-05 05:03:29,2026-01-05 06:00:00,101796.66,-1.0000,0.5000,SIGNAL,0,0,
2026-01-05 05:03:39,2026-01-05 06:00:00,101798.66,-1.0000,0.5000,SIGNAL,0,0,
2026-01-05 05:03:50,2026-01-05 06:00:00,101804.46,-1.0000,0.5000,SIGNAL,0,0,
2026-01-05 05:04:00,2026-01-05 06:00:00,101788.76,-1.0000,0.5000,SIGNAL,0,0,
2026-01-05 05:04:10,2026-01-05 06:00:00,101774.86,-1.0000,0.5000,SIGNAL,0,0,
2026-01-05 05:04:20,2026-01-05 06:00:00,101762.96,-1.0000,0.5000,SIGNAL,0,0,
2026-01-05 05:04:30,2026-01-05 06:00:00,101759.16,-1.0000,0.5000,SIGNAL,0,0,
2026-01-05 05:04:41,2026-01-05 06:00:00,101758.96,-1.0000,0.5000,SIGNAL,0,0,
2026-01-05 05:04:51,2026-01-05 06:00:00,101757.36,-1.0000,0.5000,SIGNAL,0,0,
2026-01-05 05:05:01,2026-01-05 06:05:00,101757.36,-1.0000,0.5000,SIGNAL,0,0,
2026-01-05 05:05:01,2026-01-05 06:05:00,101756.16,-1.0000,0.5000,SELL,0.1,4402.82,LiveTrade
2026-01-05 05:05:11,2026-01-05 06:05:00,101750.96,-1.0000,0.5000,SIGNAL,0,0,
2026-01-05 05:05:22,2026-01-05 06:05:00,101747.56,-1.0000,0.5000,SIGNAL,0,0,
2026-01-05 05:05:32,2026-01-05 06:05:00,101751.56,-1.0000,0.5000,SIGNAL,0,0,
2026-01-05 05:05:42,2026-01-05 06:05:00,101748.26,-1.0000,0.5000,SIGNAL,0,0,
2026-01-05 05:05:52,2026-01-05 06:05:00,101748.46,-1.0000,0.5000,SIGNAL,0,0,
2026-01-05 05:06:02,2026-01-05 06:05:00,101750.26,-1.0000,0.5000,SIGNAL,0,0,
2026-01-05 05:06:13,2026-01-05 06:05:00,101742.86,-1.0000,0.5000,SIGNAL,0,0,
2026-01-05 05:06:23,2026-01-05 06:05:00,101744.96,-1.0000,0.5000,SIGNAL,0,0,
2026-01-05 05:06:33,2026-01-05 06:05:00,101743.66,-1.0000,0.5000,SIGNAL,0,0,
2026-01-05 05:06:43,2026-01-05 06:05:00,101741.06,-1.0000,0.5000,SIGNAL,0,0,
2026-01-05 05:06:53,2026-01-05 06:05:00,101748.56,-1.0000,0.5000,SIGNAL,0,0,
2026-01-05 05:07:04,2026-01-05 06:05:00,101748.36,-1.0000,0.5000,SIGNAL,0,0,
2026-01-05 05:07:14,2026-01-05 06:05:00,101749.26,-1.0000,0.5000,SIGNAL,0,0,
2026-01-05 05:07:24,2026-01-05 06:05:00,101752.26,-1.0000,0.5000,SIGNAL,0,0,
2026-01-05 05:07:34,2026-01-05 06:05:00,101751.06,-1.0000,0.5000,SIGNAL,0,0,
2026-01-05 05:07:44,2026-01-05 06:05:00,101751.86,-1.0000,0.5000,SIGNAL,0,0,
2026-01-05 05:07:55,2026-01-05 06:05:00,101755.46,-1.0000,0.5000,SIGNAL,0,0,
2026-01-05 05:08:05,2026-01-05 06:05:00,101758.26,-1.0000,0.5000,SIGNAL,0,0,
2026-01-05 05:08:15,2026-01-05 06:05:00,101758.86,-1.0000,0.5000,SIGNAL,0,0,
2026-01-05 05:08:25,2026-01-05 06:05:00,101758.96,-1.0000,0.5000,SIGNAL,0,0,
2026-01-05 05:08:35,2026-01-05 06:05:00,101756.46,-1.0000,0.5000,SIGNAL,0,0,
2026-01-05 05:08:46,2026-01-05 06:05:00,101753.56,-1.0000,0.5000,SIGNAL,0,0,
2026-01-05 05:08:56,2026-01-05 06:05:00,101750.86,-1.0000,0.5000,SIGNAL,0,0,
2026-01-05 05:09:06,2026-01-05 06:05:00,101766.96,-1.0000,0.5000,SIGNAL,0,0,
2026-01-05 05:09:16,2026-01-05 06:05:00,101763.86,-1.0000,0.5000,SIGNAL,0,0,
2026-01-05 05:09:26,2026-01-05 06:05:00,101766.26,-1.0000,0.5000,SIGNAL,0,0,
2026-01-05 05:09:37,2026-01-05 06:05:00,101767.46,-1.0000,0.5000,SIGNAL,0,0,
2026-01-05 05:09:47,2026-01-05 06:05:00,101781.16,-1.0000,0.5000,SIGNAL,0,0,
2026-01-05 05:09:57,2026-01-05 06:10:00,101779.16,-1.0000,0.5000,SIGNAL,0,0,
2026-01-05 05:10:07,2026-01-05 06:10:00,101774.66,-1.0000,0.5000,SIGNAL,0,0,
2026-01-05 05:10:18,2026-01-05 06:10:00,101775.36,-1.0000,0.5000,SIGNAL,0,0,
2026-01-05 05:10:28,2026-01-05 06:10:00,101780.76,-0.6383,0.5000,SIGNAL,0,0,
2026-01-05 05:10:38,2026-01-05 06:10:00,101779.66,-0.3355,0.5000,SIGNAL,0,0,
2026-01-05 05:10:48,2026-01-05 06:10:00,101775.46,-1.0000,0.5000,SIGNAL,0,0,
2026-01-05 05:10:58,2026-01-05 06:10:00,101773.96,-1.0000,0.5000,SIGNAL,0,0,
2026-01-05 05:11:09,2026-01-05 06:10:00,101776.06,-1.0000,0.5000,SIGNAL,0,0,
2026-01-05 05:11:19,2026-01-05 06:10:00,101774.46,-1.0000,0.5000,SIGNAL,0,0,
2026-01-05 05:11:29,2026-01-05 06:10:00,101772.16,-1.0000,0.5000,SIGNAL,0,0,
2026-01-05 05:11:39,2026-01-05 06:10:00,101776.56,-1.0000,0.5000,SIGNAL,0,0,
2026-01-05 05:11:49,2026-01-05 06:10:00,101777.76,-1.0000,0.5000,SIGNAL,0,0,
2026-01-05 05:11:59,2026-01-05 06:10:00,101775.76,-1.0000,0.5000,SIGNAL,0,0,
2026-01-05 05:12:10,2026-01-05 06:10:00,101775.76,-1.0000,0.5000,SIGNAL,0,0,
2026-01-05 05:12:20,2026-01-05 06:10:00,101775.46,-1.0000,0.5000,SIGNAL,0,0,
2026-01-05 05:12:30,2026-01-05 06:10:00,101773.96,-1.0000,0.5000,SIGNAL,0,0,
2026-01-05 05:12:40,2026-01-05 06:10:00,101774.26,-1.0000,0.5000,SIGNAL,0,0,
2026-01-05 05:12:50,2026-01-05 06:10:00,101781.56,-0.6014,0.5000,SIGNAL,0,0,
2026-01-05 05:13:01,2026-01-05 06:10:00,101780.36,-0.3501,0.5000,SIGNAL,0,0,
2026-01-05 05:13:11,2026-01-05 06:10:00,101783.96,-0.4572,0.5000,SIGNAL,0,0,
2026-01-05 05:13:21,2026-01-05 06:10:00,101789.36,-0.3455,0.5000,SIGNAL,0,0,
2026-01-05 05:13:31,2026-01-05 06:10:00,101789.96,-0.2128,0.5000,SIGNAL,0,0,
2026-01-05 05:13:41,2026-01-05 06:10:00,101789.96,-0.0777,0.5000,SIGNAL,0,0,
2026-01-05 05:13:51,2026-01-05 06:10:00,101791.46,0.1418,0.5000,SIGNAL,0,0,
2026-01-05 05:14:02,2026-01-05 06:10:00,101796.56,0.6158,0.5000,SIGNAL,0,0,
2026-01-05 05:14:02,2026-01-05 06:10:00,101796.56,0.6158,0.5000,CLOSE,0.1,4398.9,Sniper Reverse
2026-01-05 05:14:02,2026-01-05 06:10:00,101795.66,0.6158,0.5000,BUY,0.1,4398.9,LiveTrade
2026-01-05 05:14:12,2026-01-05 06:10:00,101805.26,-0.5408,0.5000,SIGNAL,0,0,
2026-01-05 05:14:12,2026-01-05 06:10:00,101805.26,-0.5408,0.5000,CLOSE,0.1,4399.8,Sniper Reverse
2026-01-05 05:14:22,2026-01-05 06:10:00,101805.26,-1.0000,0.5000,SIGNAL,0,0,
2026-01-05 05:14:33,2026-01-05 06:10:00,101805.26,-1.0000,0.5000,SIGNAL,0,0,
2026-01-05 05:14:43,2026-01-05 06:10:00,101805.26,-1.0000,0.5000,SIGNAL,0,0,
2026-01-05 05:14:53,2026-01-05 06:15:00,101805.26,-1.0000,0.5000,SIGNAL,0,0,
2026-01-05 05:14:53,2026-01-05 06:15:00,101803.96,-1.0000,0.5000,SELL,0.1,4400.12,LiveTrade
2026-01-05 05:15:04,2026-01-05 06:15:00,101803.96,-1.0000,0.5000,SIGNAL,0,0,
2026-01-05 05:15:14,2026-01-05 06:15:00,101798.46,-1.0000,0.5000,SIGNAL,0,0,
2026-01-05 05:15:24,2026-01-05 06:15:00,101793.76,-1.0000,0.5000,SIGNAL,0,0,
2026-01-05 05:15:34,2026-01-05 06:15:00,101789.26,-1.0000,0.5000,SIGNAL,0,0,
2026-01-05 05:15:44,2026-01-05 06:15:00,101787.86,-1.0000,0.5000,SIGNAL,0,0,
2026-01-05 05:15:55,2026-01-05 06:15:00,101785.46,-1.0000,0.5000,SIGNAL,0,0,
2026-01-05 05:16:05,2026-01-05 06:15:00,101785.46,-1.0000,0.5000,SIGNAL,0,0,
2026-01-05 05:16:15,2026-01-05 06:15:00,101785.46,-1.0000,0.5000,SIGNAL,0,0,
2026-01-05 05:16:25,2026-01-05 06:15:00,101785.46,-1.0000,0.5000,SIGNAL,0,0,
2026-01-05 05:16:35,2026-01-05 06:15:00,101785.46,-1.0000,0.5000,SIGNAL,0,0,
2026-01-05 05:16:45,2026-01-05 06:15:00,101785.46,-1.0000,0.5000,SIGNAL,0,0,
2026-01-05 05:16:56,2026-01-05 06:15:00,101785.46,-1.0000,0.5000,SIGNAL,0,0,
2026-01-05 05:17:06,2026-01-05 06:15:00,101785.46,-1.0000,0.5000,SIGNAL,0,0,
2026-01-05 05:17:16,2026-01-05 06:15:00,101785.46,-1.0000,0.5000,SIGNAL,0,0,
2026-01-05 05:17:26,2026-01-05 06:15:00,101785.46,-1.0000,0.5000,SIGNAL,0,0,
2026-01-05 05:17:36,2026-01-05 06:15:00,101785.46,-1.0000,0.5000,SIGNAL,0,0,
2026-01-05 05:17:47,2026-01-05 06:15:00,101785.46,-1.0000,0.5000,SIGNAL,0,0,
2026-01-05 05:17:57,2026-01-05 06:15:00,101785.46,-1.0000,0.5000,SIGNAL,0,0,
2026-01-05 05:18:07,2026-01-05 06:15:00,101785.46,-1.0000,0.5000,SIGNAL,0,0,
2026-01-05 05:18:17,2026-01-05 06:15:00,101785.46,-1.0000,0.5000,SIGNAL,0,0,
2026-01-05 05:18:27,2026-01-05 06:15:00,101785.46,-1.0000,0.5000,SIGNAL,0,0,
2026-01-05 05:18:37,2026-01-05 06:15:00,101785.46,-1.0000,0.5000,SIGNAL,0,0,
2026-01-05 05:18:48,2026-01-05 06:15:00,101785.46,-1.0000,0.5000,SIGNAL,0,0,
2026-01-05 05:18:58,2026-01-05 06:15:00,101785.46,-1.0000,0.5000,SIGNAL,0,0,
2026-01-05 05:19:08,2026-01-05 06:15:00,101785.46,-1.0000,0.5000,SIGNAL,0,0,
2026-01-05 05:19:18,2026-01-05 06:15:00,101785.46,-1.0000,0.5000,SIGNAL,0,0,
2026-01-05 05:19:28,2026-01-05 06:15:00,101785.46,-1.0000,0.5000,SIGNAL,0,0,
2026-01-05 05:19:39,2026-01-05 06:15:00,101785.46,-1.0000,0.5000,SIGNAL,0,0,
2026-01-05 05:19:49,2026-01-05 06:15:00,101785.46,-1.0000,0.5000,SIGNAL,0,0,
2026-01-05 05:19:59,2026-01-05 06:20:00,101785.46,-1.0000,0.5000,SIGNAL,0,0,
2026-01-05 05:20:00,2026-01-05 06:20:00,101779.76,-1.0000,0.5000,SELL,0.1,4403.59,LiveTrade
2026-01-05 05:20:10,2026-01-05 06:20:00,101780.66,-1.0000,0.5000,SIGNAL,0,0,
2026-01-05 05:20:20,2026-01-05 06:20:00,101779.26,-1.0000,0.5000,SIGNAL,0,0,
2026-01-05 05:20:30,2026-01-05 06:20:00,101771.66,-1.0000,0.5000,SIGNAL,0,0,
2026-01-05 05:20:41,2026-01-05 06:20:00,101771.96,-1.0000,0.5000,SIGNAL,0,0,
2026-01-05 05:20:51,2026-01-05 06:20:00,101777.06,-1.0000,0.5000,SIGNAL,0,0,
2026-01-05 05:21:01,2026-01-05 06:20:00,101774.16,-1.0000,0.5000,SIGNAL,0,0,
2026-01-05 05:21:11,2026-01-05 06:20:00,101772.86,-1.0000,0.5000,SIGNAL,0,0,
2026-01-05 05:21:21,2026-01-05 06:20:00,101773.06,-1.0000,0.5000,SIGNAL,0,0,
2026-01-05 05:21:31,2026-01-05 06:20:00,101773.26,-1.0000,0.5000,SIGNAL,0,0,
2026-01-05 05:21:42,2026-01-05 06:20:00,101770.46,-1.0000,0.5000,SIGNAL,0,0,
2026-01-05 05:21:52,2026-01-05 06:20:00,101770.46,-1.0000,0.5000,SIGNAL,0,0,
2026-01-05 05:22:02,2026-01-05 06:20:00,101770.46,-1.0000,0.5000,SIGNAL,0,0,
2026-01-05 05:22:12,2026-01-05 06:20:00,101770.46,-1.0000,0.5000,SIGNAL,0,0,
2026-01-05 05:22:22,2026-01-05 06:20:00,101770.46,-1.0000,0.5000,SIGNAL,0,0,
2026-01-05 05:22:32,2026-01-05 06:20:00,101770.26,-1.0000,0.5000,SIGNAL,0,0,
2026-01-05 05:22:43,2026-01-05 06:20:00,101772.06,-1.0000,0.5000,SIGNAL,0,0,
2026-01-05 05:22:53,2026-01-05 06:20:00,101771.56,-1.0000,0.5000,SIGNAL,0,0,
2026-01-05 05:23:03,2026-01-05 06:20:00,101769.46,-1.0000,0.5000,SIGNAL,0,0,
2026-01-05 05:23:13,2026-01-05 06:20:00,101772.06,-1.0000,0.5000,SIGNAL,0,0,
2026-01-05 05:23:23,2026-01-05 06:20:00,101769.76,-1.0000,0.5000,SIGNAL,0,0,
2026-01-05 05:23:33,2026-01-05 06:20:00,101766.26,-1.0000,0.5000,SIGNAL,0,0,
2026-01-05 05:23:44,2026-01-05 06:20:00,101766.26,-1.0000,0.5000,SIGNAL,0,0,
2026-01-05 05:23:54,2026-01-05 06:20:00,101766.26,-1.0000,0.5000,SIGNAL,0,0,
2026-01-05 05:24:04,2026-01-05 06:20:00,101766.26,-1.0000,0.5000,SIGNAL,0,0,
2026-01-05 05:24:14,2026-01-05 06:20:00,101766.26,-1.0000,0.5000,SIGNAL,0,0,
2026-01-05 05:24:24,2026-01-05 06:20:00,101766.26,-1.0000,0.5000,SIGNAL,0,0,
2026-01-05 05:24:35,2026-01-05 06:20:00,101766.26,-1.0000,0.5000,SIGNAL,0,0,
2026-01-05 05:24:45,2026-01-05 06:20:00,101766.26,-1.0000,0.5000,SIGNAL,0,0,
2026-01-05 05:24:55,2026-01-05 06:20:00,101766.26,-1.0000,0.5000,SIGNAL,0,0,
2026-01-05 05:25:05,2026-01-05 06:20:00,101766.26,-1.0000,0.5000,SIGNAL,0,0,
2026-01-05 05:25:16,2026-01-05 06:20:00,101766.26,-1.0000,0.5000,SIGNAL,0,0,
2026-01-05 05:25:26,2026-01-05 06:20:00,101766.26,-1.0000,0.5000,SIGNAL,0,0,
2026-01-05 05:25:36,2026-01-05 06:20:00,101766.26,-1.0000,0.5000,SIGNAL,0,0,
2026-01-05 05:25:46,2026-01-05 06:20:00,101766.26,-1.0000,0.5000,SIGNAL,0,0,
2026-01-05 05:25:56,2026-01-05 06:20:00,101766.26,-1.0000,0.5000,SIGNAL,0,0,
2026-01-05 05:26:06,2026-01-05 06:20:00,101766.26,-1.0000,0.5000,SIGNAL,0,0,
2026-01-05 05:26:17,2026-01-05 06:25:00,101766.26,-1.0000,0.5000,SIGNAL,0,0,
2026-01-05 05:26:28,2026-01-05 06:25:00,101765.36,-1.0000,0.5000,SELL,0.1,4405.55,LiveTrade
2026-01-05 05:26:38,2026-01-05 06:25:00,101765.26,-1.0000,0.5000,SIGNAL,0,0,
2026-01-05 05:26:48,2026-01-05 06:25:00,101765.56,-1.0000,0.5000,SIGNAL,0,0,
2026-01-05 05:26:59,2026-01-05 06:25:00,101770.26,-1.0000,0.5000,SIGNAL,0,0,
2026-01-05 05:27:09,2026-01-05 06:25:00,101765.86,-1.0000,0.5000,SIGNAL,0,0,
2026-01-05 05:27:19,2026-01-05 06:25:00,101764.86,-1.0000,0.5000,SIGNAL,0,0,
2026-01-05 05:27:29,2026-01-05 06:25:00,101766.76,-1.0000,0.5000,SIGNAL,0,0,
2026-01-05 05:27:40,2026-01-05 06:25:00,101764.06,-1.0000,0.5000,SIGNAL,0,0,
2026-01-05 05:27:50,2026-01-05 06:25:00,101762.56,-1.0000,0.5000,SIGNAL,0,0,
2026-01-05 05:28:01,2026-01-05 06:25:00,101762.16,-1.0000,0.5000,SIGNAL,0,0,
2026-01-05 05:28:11,2026-01-05 06:25:00,101764.36,-1.0000,0.5000,SIGNAL,0,0,
2026-01-05 05:28:21,2026-01-05 06:25:00,101764.86,-1.0000,0.5000,SIGNAL,0,0,
2026-01-05 05:28:31,2026-01-05 06:25:00,101767.86,-1.0000,0.5000,SIGNAL,0,0,
2026-01-05 05:28:42,2026-01-05 06:25:00,101765.36,-1.0000,0.5000,SIGNAL,0,0,
2026-01-05 05:28:52,2026-01-05 06:25:00,101766.26,-1.0000,0.5000,SIGNAL,0,0,
2026-01-05 05:29:02,2026-01-05 06:25:00,101760.46,-1.0000,0.5000,SIGNAL,0,0,
2026-01-05 05:29:12,2026-01-05 06:25:00,101764.56,-1.0000,0.5000,SIGNAL,0,0,
2026-01-05 05:29:22,2026-01-05 06:25:00,101767.26,-1.0000,0.5000,SIGNAL,0,0,
2026-01-05 05:29:33,2026-01-05 06:25:00,101767.36,-1.0000,0.5000,SIGNAL,0,0,
2026-01-05 05:29:43,2026-01-05 06:25:00,101767.36,-1.0000,0.5000,SIGNAL,0,0,
2026-01-05 05:29:53,2026-01-05 06:30:00,101764.66,-1.0000,0.5000,SIGNAL,0,0,
2026-01-05 05:30:03,2026-01-05 06:30:00,101767.06,-1.0000,0.5000,SIGNAL,0,0,
2026-01-05 05:30:13,2026-01-05 06:30:00,101768.86,-1.0000,0.5000,SIGNAL,0,0,
2026-01-05 05:30:24,2026-01-05 06:30:00,101766.76,-1.0000,0.5000,SIGNAL,0,0,
2026-01-05 05:30:34,2026-01-05 06:30:00,101764.06,-1.0000,0.5000,SIGNAL,0,0,
2026-01-05 05:30:44,2026-01-05 06:30:00,101763.66,-1.0000,0.5000,SIGNAL,0,0,
2026-01-05 05:30:54,2026-01-05 06:30:00,101766.16,-1.0000,0.5000,SIGNAL,0,0,
2026-01-05 05:31:04,2026-01-05 06:30:00,101767.26,-1.0000,0.5000,SIGNAL,0,0,
2026-01-05 05:31:15,2026-01-05 06:30:00,101765.76,-1.0000,0.5000,SIGNAL,0,0,
2026-01-05 05:31:25,2026-01-05 06:30:00,101762.66,-1.0000,0.5000,SIGNAL,0,0,
2026-01-05 05:31:35,2026-01-05 06:30:00,101764.16,-1.0000,0.5000,SIGNAL,0,0,
2026-01-05 05:31:45,2026-01-05 06:30:00,101756.36,-1.0000,0.5000,SIGNAL,0,0,
2026-01-05 05:31:56,2026-01-05 06:30:00,101756.16,-1.0000,0.5000,SIGNAL,0,0,
2026-01-05 05:32:06,2026-01-05 06:30:00,101754.86,-1.0000,0.5000,SIGNAL,0,0,
2026-01-05 05:32:16,2026-01-05 06:30:00,101757.56,-1.0000,0.5000,SIGNAL,0,0,
2026-01-05 05:32:26,2026-01-05 06:30:00,101758.56,-1.0000,0.5000,SIGNAL,0,0,
2026-01-05 05:32:36,2026-01-05 06:30:00,101760.36,-1.0000,0.5000,SIGNAL,0,0,
2026-01-05 05:32:46,2026-01-05 06:30:00,101760.76,-1.0000,0.5000,SIGNAL,0,0,
2026-01-05 05:32:57,2026-01-05 06:30:00,101766.56,-1.0000,0.5000,SIGNAL,0,0,
2026-01-05 05:33:07,2026-01-05 06:30:00,101764.56,-1.0000,0.5000,SIGNAL,0,0,
2026-01-05 05:33:17,2026-01-05 06:30:00,101763.96,-1.0000,0.5000,SIGNAL,0,0,
2026-01-05 05:33:27,2026-01-05 06:30:00,101756.76,-1.0000,0.5000,SIGNAL,0,0,
2026-01-05 05:33:37,2026-01-05 06:30:00,101756.86,-1.0000,0.5000,SIGNAL,0,0,
2026-01-05 05:33:48,2026-01-05 06:30:00,101759.76,-1.0000,0.5000,SIGNAL,0,0,
2026-01-05 05:33:58,2026-01-05 06:30:00,101760.56,-1.0000,0.5000,SIGNAL,0,0,
2026-01-05 05:34:08,2026-01-05 06:30:00,101758.76,-1.0000,0.5000,SIGNAL,0,0,
2026-01-05 05:34:18,2026-01-05 06:30:00,101757.66,-1.0000,0.5000,SIGNAL,0,0,
2026-01-05 05:34:28,2026-01-05 06:30:00,101758.16,-1.0000,0.5000,SIGNAL,0,0,
2026-01-05 05:34:38,2026-01-05 06:30:00,101759.06,-1.0000,0.5000,SIGNAL,0,0,
2026-01-05 05:34:48,2026-01-05 06:30:00,101763.46,-1.0000,0.5000,SIGNAL,0,0,
2026-01-05 05:34:59,2026-01-05 06:35:00,101762.66,-1.0000,0.5000,SIGNAL,0,0,
2026-01-05 05:35:09,2026-01-05 06:35:00,101764.26,-1.0000,0.5000,SIGNAL,0,0,
2026-01-05 05:35:19,2026-01-05 06:35:00,101765.16,-1.0000,0.5000,SIGNAL,0,0,
2026-01-05 05:35:29,2026-01-05 06:35:00,101759.66,-1.0000,0.5000,SIGNAL,0,0,
2026-01-05 05:35:39,2026-01-05 06:35:00,101758.96,-1.0000,0.5000,SIGNAL,0,0,
2026-01-05 05:35:49,2026-01-05 06:35:00,101758.76,-1.0000,0.5000,SIGNAL,0,0,
2026-01-05 05:36:00,2026-01-05 06:35:00,101757.66,-1.0000,0.5000,SIGNAL,0,0,
2026-01-05 05:36:10,2026-01-05 06:35:00,101758.56,-1.0000,0.5000,SIGNAL,0,0,
2026-01-05 05:36:20,2026-01-05 06:35:00,101755.46,-1.0000,0.5000,SIGNAL,0,0,
2026-01-05 05:36:30,2026-01-05 06:35:00,101752.26,-1.0000,0.5000,SIGNAL,0,0,
2026-01-05 05:36:40,2026-01-05 06:35:00,101749.26,-1.0000,0.5000,SIGNAL,0,0,
2026-01-05 05:36:50,2026-01-05 06:35:00,101750.96,-1.0000,0.5000,SIGNAL,0,0,
2026-01-05 05:37:01,2026-01-05 06:35:00,101752.66,-1.0000,0.5000,SIGNAL,0,0,
2026-01-05 05:37:11,2026-01-05 06:35:00,101762.86,-1.0000,0.5000,SIGNAL,0,0,
2026-01-05 05:37:21,2026-01-05 06:35:00,101761.56,-1.0000,0.5000,SIGNAL,0,0,
2026-01-05 05:37:31,2026-01-05 06:35:00,101757.76,-1.0000,0.5000,SIGNAL,0,0,
2026-01-05 05:37:41,2026-01-05 06:35:00,101757.26,-1.0000,0.5000,SIGNAL,0,0,
2026-01-05 05:37:51,2026-01-05 06:35:00,101760.56,-1.0000,0.5000,SIGNAL,0,0,
2026-01-05 05:38:01,2026-01-05 06:35:00,101757.46,-1.0000,0.5000,SIGNAL,0,0,
2026-01-05 05:38:12,2026-01-05 06:35:00,101755.36,-1.0000,0.5000,SIGNAL,0,0,
2026-01-05 05:38:22,2026-01-05 06:35:00,101754.26,-1.0000,0.5000,SIGNAL,0,0,
2026-01-05 05:38:32,2026-01-05 06:35:00,101753.46,-1.0000,0.5000,SIGNAL,0,0,
2026-01-05 05:38:42,2026-01-05 06:35:00,101754.56,-1.0000,0.5000,SIGNAL,0,0,
2026-01-05 05:38:52,2026-01-05 06:35:00,101762.86,-1.0000,0.5000,SIGNAL,0,0,
2026-01-05 05:39:03,2026-01-05 06:35:00,101766.16,-1.0000,0.5000,SIGNAL,0,0,
2026-01-05 05:39:13,2026-01-05 06:35:00,101768.76,-1.0000,0.5000,SIGNAL,0,0,
2026-01-05 05:39:23,2026-01-05 06:35:00,101768.46,-1.0000,0.5000,SIGNAL,0,0,
2026-01-05 05:39:33,2026-01-05 06:35:00,101764.66,-1.0000,0.5000,SIGNAL,0,0,
2026-01-05 05:39:43,2026-01-05 06:35:00,101758.06,-1.0000,0.5000,SIGNAL,0,0,
2026-01-05 05:39:53,2026-01-05 06:40:00,101756.56,-1.0000,0.5000,SIGNAL,0,0,
2026-01-05 05:40:03,2026-01-05 06:40:00,101755.06,-1.0000,0.5000,SIGNAL,0,0,
2026-01-05 05:40:14,2026-01-05 06:40:00,101753.76,-1.0000,0.5000,SIGNAL,0,0,
2026-01-05 05:40:24,2026-01-05 06:40:00,101758.26,-1.0000,0.5000,SIGNAL,0,0,
2026-01-05 05:40:34,2026-01-05 06:40:00,101755.76,-1.0000,0.5000,SIGNAL,0,0,
2026-01-05 05:40:44,2026-01-05 06:40:00,101752.16,-1.0000,0.5000,SIGNAL,0,0,
2026-01-05 05:40:54,2026-01-05 06:40:00,101753.86,-1.0000,0.5000,SIGNAL,0,0,
2026-01-05 05:41:05,2026-01-05 06:40:00,101753.06,-1.0000,0.5000,SIGNAL,0,0,
2026-01-05 05:41:15,2026-01-05 06:40:00,101747.26,-1.0000,0.5000,SIGNAL,0,0,
2026-01-05 05:41:25,2026-01-05 06:40:00,101741.26,-1.0000,0.5000,SIGNAL,0,0,
2026-01-05 05:41:25,2026-01-05 06:40:00,101740.46,-1.0000,0.5000,SELL,0.1,4407.17,LiveTrade
2026-01-05 05:41:35,2026-01-05 06:40:00,101744.16,-1.0000,0.5000,SIGNAL,0,0,
2026-01-05 05:41:45,2026-01-05 06:40:00,101745.86,-1.0000,0.5000,SIGNAL,0,0,
2026-01-05 05:41:55,2026-01-05 06:40:00,101746.96,-1.0000,0.5000,SIGNAL,0,0,
2026-01-05 05:42:06,2026-01-05 06:40:00,101744.96,-1.0000,0.5000,SIGNAL,0,0,
2026-01-05 05:42:16,2026-01-05 06:40:00,101749.16,-1.0000,0.5000,SIGNAL,0,0,
2026-01-05 05:42:26,2026-01-05 06:40:00,101751.26,-1.0000,0.5000,SIGNAL,0,0,
2026-01-05 05:42:36,2026-01-05 06:40:00,101751.46,-1.0000,0.5000,SIGNAL,0,0,
2026-01-05 05:42:46,2026-01-05 06:40:00,101749.56,-1.0000,0.5000,SIGNAL,0,0,
2026-01-05 05:42:56,2026-01-05 06:40:00,101745.06,-1.0000,0.5000,SIGNAL,0,0,
2026-01-05 05:43:06,2026-01-05 06:40:00,101744.76,-1.0000,0.5000,SIGNAL,0,0,
2026-01-05 05:43:17,2026-01-05 06:40:00,101749.56,-1.0000,0.5000,SIGNAL,0,0,
2026-01-05 05:43:27,2026-01-05 06:40:00,101748.86,-1.0000,0.5000,SIGNAL,0,0,
2026-01-05 05:43:37,2026-01-05 06:40:00,101750.36,-1.0000,0.5000,SIGNAL,0,0,
2026-01-05 05:43:47,2026-01-05 06:40:00,101751.86,-1.0000,0.5000,SIGNAL,0,0,
2026-01-05 05:43:57,2026-01-05 06:40:00,101750.96,-1.0000,0.5000,SIGNAL,0,0,
2026-01-05 05:44:07,2026-01-05 06:40:00,101752.06,-1.0000,0.5000,SIGNAL,0,0,
2026-01-05 05:44:17,2026-01-05 06:40:00,101750.46,-1.0000,0.5000,SIGNAL,0,0,
2026-01-05 05:44:28,2026-01-05 06:40:00,101751.76,-1.0000,0.5000,SIGNAL,0,0,
2026-01-05 05:44:38,2026-01-05 06:40:00,101752.16,-1.0000,0.5000,SIGNAL,0,0,
2026-01-05 05:44:48,2026-01-05 06:40:00,101753.36,-1.0000,0.5000,SIGNAL,0,0,
2026-01-05 05:44:58,2026-01-05 06:45:00,101753.56,-1.0000,0.5000,SIGNAL,0,0,
2026-01-05 05:45:08,2026-01-05 06:45:00,101751.06,-1.0000,0.5000,SIGNAL,0,0,
2026-01-05 05:45:18,2026-01-05 06:45:00,101743.06,-1.0000,0.5000,SIGNAL,0,0,
2026-01-05 05:45:29,2026-01-05 06:45:00,101742.76,-1.0000,0.5000,SIGNAL,0,0,
2026-01-05 05:45:39,2026-01-05 06:45:00,101742.76,-1.0000,0.5000,SIGNAL,0,0,
2026-01-05 05:45:49,2026-01-05 06:45:00,101739.56,-1.0000,0.5000,SIGNAL,0,0,
2026-01-05 05:45:59,2026-01-05 06:45:00,101742.56,-1.0000,0.5000,SIGNAL,0,0,
2026-01-05 05:46:09,2026-01-05 06:45:00,101748.76,-1.0000,0.5000,SIGNAL,0,0,
2026-01-05 05:46:19,2026-01-05 06:45:00,101746.56,-1.0000,0.5000,SIGNAL,0,0,
2026-01-05 05:46:29,2026-01-05 06:45:00,101745.86,-1.0000,0.5000,SIGNAL,0,0,
2026-01-05 05:46:40,2026-01-05 06:45:00,101745.96,-1.0000,0.5000,SIGNAL,0,0,
2026-01-05 05:46:50,2026-01-05 06:45:00,101747.86,-1.0000,0.5000,SIGNAL,0,0,
2026-01-05 05:47:00,2026-01-05 06:45:00,101749.36,-1.0000,0.5000,SIGNAL,0,0,
2026-01-05 05:47:10,2026-01-05 06:45:00,101750.26,-1.0000,0.5000,SIGNAL,0,0,
2026-01-05 05:47:20,2026-01-05 06:45:00,101750.46,-1.0000,0.5000,SIGNAL,0,0,
2026-01-05 05:47:30,2026-01-05 06:45:00,101752.16,-1.0000,0.5000,SIGNAL,0,0,
2026-01-05 05:47:40,2026-01-05 06:45:00,101750.16,-1.0000,0.5000,SIGNAL,0,0,
2026-01-05 05:47:51,2026-01-05 06:45:00,101751.46,-1.0000,0.5000,SIGNAL,0,0,
2026-01-05 05:48:01,2026-01-05 06:45:00,101745.46,-1.0000,0.5000,SIGNAL,0,0,
2026-01-05 05:48:11,2026-01-05 06:45:00,101746.66,-1.0000,0.5000,SIGNAL,0,0,
2026-01-05 05:48:21,2026-01-05 06:45:00,101745.56,-1.0000,0.5000,SIGNAL,0,0,
2026-01-05 05:48:31,2026-01-05 06:45:00,101744.76,-1.0000,0.5000,SIGNAL,0,0,
2026-01-05 05:48:41,2026-01-05 06:45:00,101744.96,-1.0000,0.5000,SIGNAL,0,0,
2026-01-05 05:48:51,2026-01-05 06:45:00,101745.86,-1.0000,0.5000,SIGNAL,0,0,
2026-01-05 05:49:02,2026-01-05 06:45:00,101747.16,-1.0000,0.5000,SIGNAL,0,0,
2026-01-05 05:49:12,2026-01-05 06:45:00,101747.16,-1.0000,0.5000,SIGNAL,0,0,
2026-01-05 05:49:22,2026-01-05 06:45:00,101748.66,-1.0000,0.5000,SIGNAL,0,0,
2026-01-05 05:49:32,2026-01-05 06:45:00,101744.86,-1.0000,0.5000,SIGNAL,0,0,
2026-01-05 05:49:42,2026-01-05 06:45:00,101740.96,-1.0000,0.5000,SIGNAL,0,0,
2026-01-05 05:49:52,2026-01-05 06:45:00,101741.96,-1.0000,0.5000,SIGNAL,0,0,
2026-01-05 05:50:03,2026-01-05 06:50:00,101741.16,-1.0000,0.5000,SIGNAL,0,0,
2026-01-05 05:50:13,2026-01-05 06:50:00,101740.36,-1.0000,0.5000,SIGNAL,0,0,
2026-01-05 05:50:23,2026-01-05 06:50:00,101732.56,-1.0000,0.5000,SIGNAL,0,0,
2026-01-05 05:50:33,2026-01-05 06:50:00,101732.66,-1.0000,0.5000,SIGNAL,0,0,
2026-01-05 05:50:43,2026-01-05 06:50:00,101730.26,-1.0000,0.5000,SIGNAL,0,0,
2026-01-05 05:50:53,2026-01-05 06:50:00,101739.56,-1.0000,0.5000,SIGNAL,0,0,
2026-01-05 05:51:03,2026-01-05 06:50:00,101740.06,-1.0000,0.5000,SIGNAL,0,0,
2026-01-05 05:51:14,2026-01-05 06:50:00,101746.06,-1.0000,0.5000,SIGNAL,0,0,
2026-01-05 05:51:24,2026-01-05 06:50:00,101745.16,-1.0000,0.5000,SIGNAL,0,0,
2026-01-05 05:51:34,2026-01-05 06:50:00,101741.06,-1.0000,0.5000,SIGNAL,0,0,
2026-01-05 05:51:44,2026-01-05 06:50:00,101744.86,-1.0000,0.5000,SIGNAL,0,0,
2026-01-05 05:51:54,2026-01-05 06:50:00,101745.26,-1.0000,0.5000,SIGNAL,0,0,
2026-01-05 05:52:04,2026-01-05 06:50:00,101748.96,-1.0000,0.5000,SIGNAL,0,0,
2026-01-05 05:52:15,2026-01-05 06:50:00,101761.96,-1.0000,0.5000,SIGNAL,0,0,
2026-01-05 05:52:25,2026-01-05 06:50:00,101764.56,-1.0000,0.5000,SIGNAL,0,0,
2026-01-05 05:52:35,2026-01-05 06:50:00,101771.66,-1.0000,0.5000,SIGNAL,0,0,
2026-01-05 05:52:45,2026-01-05 06:50:00,101769.56,-1.0000,0.5000,SIGNAL,0,0,
2026-01-05 05:52:55,2026-01-05 06:50:00,101772.66,-1.0000,0.5000,SIGNAL,0,0,
2026-01-05 05:53:05,2026-01-05 06:50:00,101773.16,-1.0000,0.5000,SIGNAL,0,0,
2026-01-05 05:53:15,2026-01-05 06:50:00,101770.36,-1.0000,0.5000,SIGNAL,0,0,
2026-01-05 05:53:26,2026-01-05 06:50:00,101771.16,-1.0000,0.5000,SIGNAL,0,0,
2026-01-05 05:53:36,2026-01-05 06:50:00,101770.06,-1.0000,0.5000,SIGNAL,0,0,
2026-01-05 05:53:46,2026-01-05 06:50:00,101769.66,-1.0000,0.5000,SIGNAL,0,0,
2026-01-05 05:53:56,2026-01-05 06:50:00,101771.66,-1.0000,0.5000,SIGNAL,0,0,
2026-01-05 05:54:06,2026-01-05 06:50:00,101769.46,-1.0000,0.5000,SIGNAL,0,0,
2026-01-05 05:54:16,2026-01-05 06:50:00,101769.46,-1.0000,0.5000,SIGNAL,0,0,
2026-01-05 05:54:26,2026-01-05 06:50:00,101769.26,-1.0000,0.5000,SIGNAL,0,0,
2026-01-05 05:54:37,2026-01-05 06:50:00,101773.96,-1.0000,0.5000,SIGNAL,0,0,
2026-01-05 05:54:47,2026-01-05 06:50:00,101770.86,-1.0000,0.5000,SIGNAL,0,0,
2026-01-05 05:54:57,2026-01-05 06:55:00,101774.36,-1.0000,0.5000,SIGNAL,0,0,
2026-01-05 05:55:07,2026-01-05 06:55:00,101774.66,-1.0000,0.5000,SIGNAL,0,0,
2026-01-05 05:55:17,2026-01-05 06:55:00,101774.46,-1.0000,0.5000,SIGNAL,0,0,
2026-01-05 05:55:27,2026-01-05 06:55:00,101771.66,-1.0000,0.5000,SIGNAL,0,0,
2026-01-05 05:55:37,2026-01-05 06:55:00,101767.36,-1.0000,0.5000,SIGNAL,0,0,
2026-01-05 05:55:48,2026-01-05 06:55:00,101768.36,-1.0000,0.5000,SIGNAL,0,0,
2026-01-05 05:55:58,2026-01-05 06:55:00,101774.46,-1.0000,0.5000,SIGNAL,0,0,
2026-01-05 05:56:08,2026-01-05 06:55:00,101774.16,-0.9724,0.5000,SIGNAL,0,0,
2026-01-05 05:56:18,2026-01-05 06:55:00,101775.06,-1.0000,0.5000,SIGNAL,0,0,
2026-01-05 05:56:28,2026-01-05 06:55:00,101771.96,-1.0000,0.5000,SIGNAL,0,0,
2026-01-05 05:56:39,2026-01-05 06:55:00,101773.36,-1.0000,0.5000,SIGNAL,0,0,
2026-01-05 05:56:49,2026-01-05 06:55:00,101773.36,-1.0000,0.5000,SIGNAL,0,0,
2026-01-05 05:56:59,2026-01-05 06:55:00,101772.16,-1.0000,0.5000,SIGNAL,0,0,
2026-01-05 05:57:09,2026-01-05 06:55:00,101770.26,-1.0000,0.5000,SIGNAL,0,0,
2026-01-05 05:57:19,2026-01-05 06:55:00,101767.26,-1.0000,0.5000,SIGNAL,0,0,
2026-01-05 05:57:29,2026-01-05 06:55:00,101765.96,-1.0000,0.5000,SIGNAL,0,0,
2026-01-05 05:57:40,2026-01-05 06:55:00,101765.96,-1.0000,0.5000,SIGNAL,0,0,
2026-01-05 05:57:50,2026-01-05 06:55:00,101770.06,-1.0000,0.5000,SIGNAL,0,0,
2026-01-05 05:58:00,2026-01-05 06:55:00,101769.56,-1.0000,0.5000,SIGNAL,0,0,
2026-01-05 05:58:10,2026-01-05 06:55:00,101769.66,-1.0000,0.5000,SIGNAL,0,0,
2026-01-05 05:58:20,2026-01-05 06:55:00,101770.36,-1.0000,0.5000,SIGNAL,0,0,
2026-01-05 05:58:30,2026-01-05 06:55:00,101763.86,-1.0000,0.5000,SIGNAL,0,0,
2026-01-05 05:58:40,2026-01-05 06:55:00,101763.96,-1.0000,0.5000,SIGNAL,0,0,
2026-01-05 05:58:51,2026-01-05 06:55:00,101756.06,-1.0000,0.5000,SIGNAL,0,0,
2026-01-05 05:59:01,2026-01-05 06:55:00,101764.56,-1.0000,0.5000,SIGNAL,0,0,
2026-01-05 05:59:11,2026-01-05 06:55:00,101766.86,-1.0000,0.5000,SIGNAL,0,0,
2026-01-05 05:59:21,2026-01-05 06:55:00,101766.46,-1.0000,0.5000,SIGNAL,0,0,
2026-01-05 05:59:31,2026-01-05 06:55:00,101762.96,-1.0000,0.5000,SIGNAL,0,0,
2026-01-05 05:59:41,2026-01-05 06:55:00,101764.76,-1.0000,0.5000,SIGNAL,0,0,
2026-01-05 05:59:52,2026-01-05 06:55:00,101768.96,-1.0000,0.5000,SIGNAL,0,0,
2026-01-05 06:00:02,2026-01-05 07:00:00,101761.56,-1.0000,0.5000,SIGNAL,0,0,
2026-01-05 06:00:12,2026-01-05 07:00:00,101760.96,-1.0000,0.5000,SIGNAL,0,0,
2026-01-05 06:00:22,2026-01-05 07:00:00,101772.66,-1.0000,0.5000,SIGNAL,0,0,
2026-01-05 06:00:32,2026-01-05 07:00:00,101770.66,-1.0000,0.5000,SIGNAL,0,0,
2026-01-05 06:00:42,2026-01-05 07:00:00,101770.86,-1.0000,0.5000,SIGNAL,0,0,
2026-01-05 06:00:53,2026-01-05 07:00:00,101769.86,-1.0000,0.5000,SIGNAL,0,0,
2026-01-05 06:01:03,2026-01-05 07:00:00,101769.16,-1.0000,0.5000,SIGNAL,0,0,
2026-01-05 06:01:13,2026-01-05 07:00:00,101767.26,-1.0000,0.5000,SIGNAL,0,0,
2026-01-05 06:01:23,2026-01-05 07:00:00,101769.76,-1.0000,0.5000,SIGNAL,0,0,
2026-01-05 06:01:33,2026-01-05 07:00:00,101768.16,-1.0000,0.5000,SIGNAL,0,0,
2026-01-05 06:01:43,2026-01-05 07:00:00,101762.46,-1.0000,0.5000,SIGNAL,0,0,
2026-01-05 06:01:53,2026-01-05 07:00:00,101758.56,-1.0000,0.5000,SIGNAL,0,0,
2026-01-05 06:02:03,2026-01-05 07:00:00,101757.36,-1.0000,0.5000,SIGNAL,0,0,
2026-01-05 06:02:14,2026-01-05 07:00:00,101752.16,-1.0000,0.5000,SIGNAL,0,0,
2026-01-05 06:02:24,2026-01-05 07:00:00,101753.36,-1.0000,0.5000,SIGNAL,0,0,
2026-01-05 06:02:34,2026-01-05 07:00:00,101752.26,-1.0000,0.5000,SIGNAL,0,0,
2026-01-05 06:02:44,2026-01-05 07:00:00,101753.46,-1.0000,0.5000,SIGNAL,0,0,
2026-01-05 06:02:54,2026-01-05 07:00:00,101753.56,-1.0000,0.5000,SIGNAL,0,0,
2026-01-05 06:03:04,2026-01-05 07:00:00,101761.46,-1.0000,0.5000,SIGNAL,0,0,
2026-01-05 06:03:15,2026-01-05 07:00:00,101761.26,-1.0000,0.5000,SIGNAL,0,0,
2026-01-05 06:03:25,2026-01-05 07:00:00,101764.66,-1.0000,0.5000,SIGNAL,0,0,
2026-01-05 06:03:35,2026-01-05 07:00:00,101762.76,-1.0000,0.5000,SIGNAL,0,0,
2026-01-05 06:03:45,2026-01-05 07:00:00,101761.16,-1.0000,0.5000,SIGNAL,0,0,
2026-01-05 06:03:55,2026-01-05 07:00:00,101759.26,-1.0000,0.5000,SIGNAL,0,0,
2026-01-05 06:04:05,2026-01-05 07:00:00,101759.76,-1.0000,0.5000,SIGNAL,0,0,
2026-01-05 06:04:16,2026-01-05 07:00:00,101758.86,-1.0000,0.5000,SIGNAL,0,0,
2026-01-05 06:04:26,2026-01-05 07:00:00,101759.06,-1.0000,0.5000,SIGNAL,0,0,
2026-01-05 06:04:36,2026-01-05 07:00:00,101753.56,-1.0000,0.5000,SIGNAL,0,0,
2026-01-05 06:04:46,2026-01-05 07:00:00,101753.26,-1.0000,0.5000,SIGNAL,0,0,
2026-01-05 06:04:56,2026-01-05 07:05:00,101754.56,-1.0000,0.5000,SIGNAL,0,0,
2026-01-05 06:05:06,2026-01-05 07:05:00,101754.36,-1.0000,0.5000,SIGNAL,0,0,
2026-01-05 06:05:16,2026-01-05 07:05:00,101758.56,-1.0000,0.5000,SIGNAL,0,0,
2026-01-05 06:05:26,2026-01-05 07:05:00,101756.26,-1.0000,0.5000,SIGNAL,0,0,
2026-01-05 06:05:37,2026-01-05 07:05:00,101756.96,-1.0000,0.5000,SIGNAL,0,0,
2026-01-05 06:05:47,2026-01-05 07:05:00,101754.46,-1.0000,0.5000,SIGNAL,0,0,
2026-01-05 06:05:57,2026-01-05 07:05:00,101746.76,-1.0000,0.5000,SIGNAL,0,0,
2026-01-05 06:06:07,2026-01-05 07:05:00,101749.66,-1.0000,0.5000,SIGNAL,0,0,
2026-01-05 06:06:17,2026-01-05 07:05:00,101748.46,-1.0000,0.5000,SIGNAL,0,0,
2026-01-05 06:06:27,2026-01-05 07:05:00,101748.26,-1.0000,0.5000,SIGNAL,0,0,
2026-01-05 06:06:38,2026-01-05 07:05:00,101752.26,-1.0000,0.5000,SIGNAL,0,0,
2026-01-05 06:06:48,2026-01-05 07:05:00,101751.96,-1.0000,0.5000,SIGNAL,0,0,
2026-01-05 06:06:58,2026-01-05 07:05:00,101753.16,-1.0000,0.5000,SIGNAL,0,0,
2026-01-05 06:07:08,2026-01-05 07:05:00,101752.56,-1.0000,0.5000,SIGNAL,0,0,
2026-01-05 06:07:18,2026-01-05 07:05:00,101749.76,-1.0000,0.5000,SIGNAL,0,0,
2026-01-05 06:07:29,2026-01-05 07:05:00,101746.66,-1.0000,0.5000,SIGNAL,0,0,
2026-01-05 06:07:39,2026-01-05 07:05:00,101747.06,-1.0000,0.5000,SIGNAL,0,0,
2026-01-05 06:07:49,2026-01-05 07:05:00,101748.16,-1.0000,0.5000,SIGNAL,0,0,
2026-01-05 06:07:59,2026-01-05 07:05:00,101746.56,-1.0000,0.5000,SIGNAL,0,0,
2026-01-05 06:08:09,2026-01-05 07:05:00,101746.06,-1.0000,0.5000,SIGNAL,0,0,
2026-01-05 06:08:19,2026-01-05 07:05:00,101742.36,-1.0000,0.5000,SIGNAL,0,0,
2026-01-05 06:08:29,2026-01-05 07:05:00,101743.26,-1.0000,0.5000,SIGNAL,0,0,
2026-01-05 06:08:40,2026-01-05 07:05:00,101744.36,-1.0000,0.5000,SIGNAL,0,0,
2026-01-05 06:08:50,2026-01-05 07:05:00,101744.16,-1.0000,0.5000,SIGNAL,0,0,
2026-01-05 06:09:00,2026-01-05 07:05:00,101749.36,-1.0000,0.5000,SIGNAL,0,0,
2026-01-05 06:09:10,2026-01-05 07:05:00,101750.96,-1.0000,0.5000,SIGNAL,0,0,
2026-01-05 06:09:20,2026-01-05 07:05:00,101751.76,-1.0000,0.5000,SIGNAL,0,0,
2026-01-05 06:09:31,2026-01-05 07:05:00,101755.06,-1.0000,0.5000,SIGNAL,0,0,
2026-01-05 06:09:41,2026-01-05 07:05:00,101756.26,-1.0000,0.5000,SIGNAL,0,0,
2026-01-05 06:09:51,2026-01-05 07:05:00,101759.06,-1.0000,0.5000,SIGNAL,0,0,
2026-01-05 06:10:01,2026-01-05 07:10:00,101760.56,-1.0000,0.5000,SIGNAL,0,0,
2026-01-05 06:10:11,2026-01-05 07:10:00,101758.36,-1.0000,0.5000,SIGNAL,0,0,
2026-01-05 06:10:21,2026-01-05 07:10:00,101759.36,-1.0000,0.5000,SIGNAL,0,0,
2026-01-05 06:10:32,2026-01-05 07:10:00,101759.56,-1.0000,0.5000,SIGNAL,0,0,
2026-01-05 06:10:42,2026-01-05 07:10:00,101760.16,-1.0000,0.5000,SIGNAL,0,0,
2026-01-05 06:10:52,2026-01-05 07:10:00,101760.16,-1.0000,0.5000,SIGNAL,0,0,
2026-01-05 06:11:02,2026-01-05 07:10:00,101760.26,-1.0000,0.5000,SIGNAL,0,0,
2026-01-05 06:11:12,2026-01-05 07:10:00,101759.66,-1.0000,0.5000,SIGNAL,0,0,
2026-01-05 06:11:23,2026-01-05 07:10:00,101758.46,-1.0000,0.5000,SIGNAL,0,0,
2026-01-05 06:11:33,2026-01-05 07:10:00,101759.96,-1.0000,0.5000,SIGNAL,0,0,
2026-01-05 06:11:43,2026-01-05 07:10:00,101757.26,-1.0000,0.5000,SIGNAL,0,0,
2026-01-05 06:11:54,2026-01-05 07:10:00,101753.26,-1.0000,0.5000,SIGNAL,0,0,
2026-01-05 06:12:04,2026-01-05 07:10:00,101750.26,-1.0000,0.5000,SIGNAL,0,0,
2026-01-05 06:12:14,2026-01-05 07:10:00,101749.36,-1.0000,0.5000,SIGNAL,0,0,
2026-01-05 06:12:24,2026-01-05 07:10:00,101746.86,-1.0000,0.5000,SIGNAL,0,0,
2026-01-05 06:12:34,2026-01-05 07:10:00,101742.96,-1.0000,0.5000,SIGNAL,0,0,
2026-01-05 06:12:44,2026-01-05 07:10:00,101742.66,-1.0000,0.5000,SIGNAL,0,0,
2026-01-05 06:12:55,2026-01-05 07:10:00,101737.76,-1.0000,0.5000,SIGNAL,0,0,
2026-01-05 06:13:05,2026-01-05 07:10:00,101737.16,-1.0000,0.5000,SIGNAL,0,0,
2026-01-05 06:13:15,2026-01-05 07:10:00,101735.16,-1.0000,0.5000,SIGNAL,0,0,
2026-01-05 06:13:25,2026-01-05 07:10:00,101729.06,-1.0000,0.5000,SIGNAL,0,0,
2026-01-05 06:13:35,2026-01-05 07:10:00,101727.66,-1.0000,0.5000,SIGNAL,0,0,
2026-01-05 06:13:45,2026-01-05 07:10:00,101723.76,-1.0000,0.5000,SIGNAL,0,0,
2026-01-05 06:13:46,2026-01-05 07:10:00,101723.06,-1.0000,0.5000,SELL,0.1,4408.47,LiveTrade
2026-01-05 06:13:56,2026-01-05 07:10:00,101723.66,-1.0000,0.5000,SIGNAL,0,0,
2026-01-05 06:14:06,2026-01-05 07:10:00,101723.66,-1.0000,0.5000,SIGNAL,0,0,
2026-01-05 06:14:16,2026-01-05 07:10:00,101721.16,-1.0000,0.5000,SIGNAL,0,0,
2026-01-05 06:14:26,2026-01-05 07:10:00,101725.56,-1.0000,0.5000,SIGNAL,0,0,
2026-01-05 06:14:37,2026-01-05 07:10:00,101725.66,-1.0000,0.5000,SIGNAL,0,0,
2026-01-05 06:14:47,2026-01-05 07:10:00,101723.96,-1.0000,0.5000,SIGNAL,0,0,
2026-01-05 06:14:57,2026-01-05 07:15:00,101723.76,-1.0000,0.5000,SIGNAL,0,0,
2026-01-05 06:15:07,2026-01-05 07:15:00,101723.46,-1.0000,0.5000,SIGNAL,0,0,
2026-01-05 06:15:17,2026-01-05 07:15:00,101723.76,-1.0000,0.5000,SIGNAL,0,0,
2026-01-05 06:15:28,2026-01-05 07:15:00,101721.06,-1.0000,0.5000,SIGNAL,0,0,
2026-01-05 06:15:38,2026-01-05 07:15:00,101718.76,-1.0000,0.5000,SIGNAL,0,0,
2026-01-05 06:15:48,2026-01-05 07:15:00,101718.16,-1.0000,0.5000,SIGNAL,0,0,
2026-01-05 06:15:58,2026-01-05 07:15:00,101716.76,-1.0000,0.5000,SIGNAL,0,0,
2026-01-05 06:16:08,2026-01-05 07:15:00,101716.76,-1.0000,0.5000,SIGNAL,0,0,
2026-01-05 06:16:19,2026-01-05 07:15:00,101716.76,-1.0000,0.5000,SIGNAL,0,0,
2026-01-05 06:16:29,2026-01-05 07:15:00,101717.16,-1.0000,0.5000,SIGNAL,0,0,
2026-01-05 06:16:39,2026-01-05 07:15:00,101712.16,-1.0000,0.5000,SIGNAL,0,0,
2026-01-05 06:16:49,2026-01-05 07:15:00,101712.96,-1.0000,0.5000,SIGNAL,0,0,
2026-01-05 06:16:59,2026-01-05 07:15:00,101718.06,-1.0000,0.5000,SIGNAL,0,0,
2026-01-05 06:17:09,2026-01-05 07:15:00,101723.06,-1.0000,0.5000,SIGNAL,0,0,
2026-01-05 06:17:20,2026-01-05 07:15:00,101721.96,-1.0000,0.5000,SIGNAL,0,0,
2026-01-05 06:17:30,2026-01-05 07:15:00,101724.76,-1.0000,0.5000,SIGNAL,0,0,
2026-01-05 06:17:40,2026-01-05 07:15:00,101724.66,-1.0000,0.5000,SIGNAL,0,0,
2026-01-05 06:17:50,2026-01-05 07:15:00,101725.86,-1.0000,0.5000,SIGNAL,0,0,
2026-01-05 06:18:00,2026-01-05 07:15:00,101726.16,-1.0000,0.5000,SIGNAL,0,0,
2026-01-05 06:18:10,2026-01-05 07:15:00,101726.66,-1.0000,0.5000,SIGNAL,0,0,
2026-01-05 06:18:21,2026-01-05 07:15:00,101728.06,-1.0000,0.5000,SIGNAL,0,0,
2026-01-05 06:18:31,2026-01-05 07:15:00,101729.16,-1.0000,0.5000,SIGNAL,0,0,
2026-01-05 06:18:41,2026-01-05 07:15:00,101727.36,-1.0000,0.5000,SIGNAL,0,0,
2026-01-05 06:18:51,2026-01-05 07:15:00,101723.56,-1.0000,0.5000,SIGNAL,0,0,
2026-01-05 06:19:01,2026-01-05 07:15:00,101724.06,-1.0000,0.5000,SIGNAL,0,0,
2026-01-05 06:19:11,2026-01-05 07:15:00,101722.46,-1.0000,0.5000,SIGNAL,0,0,
2026-01-05 06:19:21,2026-01-05 07:15:00,101722.36,-1.0000,0.5000,SIGNAL,0,0,
2026-01-05 06:19:32,2026-01-05 07:15:00,101717.06,-1.0000,0.5000,SIGNAL,0,0,
2026-01-05 06:19:42,2026-01-05 07:15:00,101716.26,-1.0000,0.5000,SIGNAL,0,0,
2026-01-05 06:19:52,2026-01-05 07:15:00,101721.36,-1.0000,0.5000,SIGNAL,0,0,
2026-01-05 06:20:02,2026-01-05 07:20:00,101726.06,-1.0000,0.5000,SIGNAL,0,0,
2026-01-05 06:20:12,2026-01-05 07:20:00,101726.86,-1.0000,0.5000,SIGNAL,0,0,
2026-01-05 06:20:23,2026-01-05 07:20:00,101726.16,-1.0000,0.5000,SIGNAL,0,0,
2026-01-05 06:20:34,2026-01-05 07:20:00,101725.66,-1.0000,0.5000,SIGNAL,0,0,
2026-01-05 09:36:15,2026-01-05 07:20:00,101710.16,-1.0000,0.5000,SIGNAL,0,0,
2026-01-05 09:36:15,2026-01-05 07:20:00,101710.16,-1.0000,0.5000,ERROR,0,0,Fail: Invalid stops
2026-01-05 09:36:26,2026-01-05 10:35:00,101710.16,-1.0000,0.5000,SIGNAL,0,0,
2026-01-05 09:36:26,2026-01-05 10:35:00,101708.56,-1.0000,0.5000,SELL,0.1,4425.51,LiveTrade
2026-01-05 09:36:36,2026-01-05 10:35:00,101710.26,-1.0000,0.5000,SIGNAL,0,0,
2026-01-05 09:36:47,2026-01-05 10:35:00,101706.26,-1.0000,0.5000,SIGNAL,0,0,
2026-01-05 09:36:58,2026-01-05 10:35:00,101704.26,-1.0000,0.5000,SIGNAL,0,0,
2026-01-05 09:37:08,2026-01-05 10:35:00,101705.66,-1.0000,0.5000,SIGNAL,0,0,
2026-01-05 09:37:18,2026-01-05 10:35:00,101708.86,-1.0000,0.5000,SIGNAL,0,0,
2026-01-05 09:37:29,2026-01-05 10:35:00,101709.76,-1.0000,0.5000,SIGNAL,0,0,
2026-01-05 09:37:39,2026-01-05 10:35:00,101710.76,-1.0000,0.5000,SIGNAL,0,0,
2026-01-05 09:37:49,2026-01-05 10:35:00,101710.26,-1.0000,0.5000,SIGNAL,0,0,
2026-01-05 09:37:59,2026-01-05 10:35:00,101709.06,-1.0000,0.5000,SIGNAL,0,0,
2026-01-05 09:38:10,2026-01-05 10:35:00,101713.76,-1.0000,0.5000,SIGNAL,0,0,
2026-01-05 09:38:20,2026-01-05 10:35:00,101713.86,-1.0000,0.5000,SIGNAL,0,0,
2026-01-05 09:38:30,2026-01-05 10:35:00,101719.16,-1.0000,0.5000,SIGNAL,0,0,
2026-01-05 09:38:41,2026-01-05 10:35:00,101708.66,-1.0000,0.5000,SIGNAL,0,0,
2026-01-05 09:38:51,2026-01-05 10:35:00,101709.66,-1.0000,0.5000,SIGNAL,0,0,
2026-01-05 09:39:01,2026-01-05 10:35:00,101708.86,-1.0000,0.5000,SIGNAL,0,0,
2026-01-05 09:39:11,2026-01-05 10:35:00,101707.66,-1.0000,0.5000,SIGNAL,0,0,
2026-01-05 09:39:21,2026-01-05 10:35:00,101706.36,-1.0000,0.5000,SIGNAL,0,0,
2026-01-05 09:39:32,2026-01-05 10:35:00,101705.96,-1.0000,0.5000,SIGNAL,0,0,
2026-01-05 09:39:42,2026-01-05 10:35:00,101703.66,-1.0000,0.5000,SIGNAL,0,0,
2026-01-05 09:39:52,2026-01-05 10:35:00,101704.96,-1.0000,0.5000,SIGNAL,0,0,
2026-01-05 09:40:02,2026-01-05 10:40:00,101706.56,-1.0000,0.5000,SIGNAL,0,0,
2026-01-05 09:40:12,2026-01-05 10:40:00,101692.76,-1.0000,0.5000,SIGNAL,0,0,
2026-01-05 09:40:12,2026-01-05 10:40:00,101691.26,-1.0000,0.5000,SELL,0.1,4427.31,LiveTrade
2026-01-05 09:40:23,2026-01-05 10:40:00,101693.36,-1.0000,0.5000,SIGNAL,0,0,
2026-01-05 09:40:33,2026-01-05 10:40:00,101696.96,-1.0000,0.5000,SIGNAL,0,0,
2026-01-05 09:40:43,2026-01-05 10:40:00,101693.26,-1.0000,0.5000,SIGNAL,0,0,
2026-01-05 09:40:53,2026-01-05 10:40:00,101692.16,-1.0000,0.5000,SIGNAL,0,0,
2026-01-05 09:41:03,2026-01-05 10:40:00,101694.16,-1.0000,0.5000,SIGNAL,0,0,
2026-01-05 09:41:14,2026-01-05 10:40:00,101692.66,-1.0000,0.5000,SIGNAL,0,0,
2026-01-05 09:41:24,2026-01-05 10:40:00,101688.66,-1.0000,0.5000,SIGNAL,0,0,
2026-01-05 09:41:34,2026-01-05 10:40:00,101692.86,-1.0000,0.5000,SIGNAL,0,0,
2026-01-05 09:41:44,2026-01-05 10:40:00,101692.46,-1.0000,0.5000,SIGNAL,0,0,
2026-01-05 09:41:54,2026-01-05 10:40:00,101696.36,-1.0000,0.5000,SIGNAL,0,0,
2026-01-05 09:42:05,2026-01-05 10:40:00,101694.06,-1.0000,0.5000,SIGNAL,0,0,
2026-01-05 09:42:15,2026-01-05 10:40:00,101694.66,-1.0000,0.5000,SIGNAL,0,0,
2026-01-05 09:42:25,2026-01-05 10:40:00,101696.06,-1.0000,0.5000,SIGNAL,0,0,
2026-01-05 09:42:35,2026-01-05 10:40:00,101693.26,-1.0000,0.5000,SIGNAL,0,0,
2026-01-05 09:42:45,2026-01-05 10:40:00,101692.76,-1.0000,0.5000,SIGNAL,0,0,
2026-01-05 09:42:56,2026-01-05 10:40:00,101692.66,-1.0000,0.5000,SIGNAL,0,0,
2026-01-05 09:43:06,2026-01-05 10:40:00,101690.76,-1.0000,0.5000,SIGNAL,0,0,
2026-01-05 09:43:16,2026-01-05 10:40:00,101692.66,-1.0000,0.5000,SIGNAL,0,0,
2026-01-05 09:43:26,2026-01-05 10:40:00,101693.56,-1.0000,0.5000,SIGNAL,0,0,
2026-01-05 09:43:36,2026-01-05 10:40:00,101675.56,-1.0000,0.5000,SIGNAL,0,0,
2026-01-05 09:43:47,2026-01-05 10:40:00,101675.56,-1.0000,0.5000,SIGNAL,0,0,
2026-01-05 09:43:57,2026-01-05 10:40:00,101675.56,-1.0000,0.5000,SIGNAL,0,0,
2026-01-05 09:44:07,2026-01-05 10:40:00,101675.56,-1.0000,0.5000,SIGNAL,0,0,
2026-01-05 09:44:17,2026-01-05 10:40:00,101675.56,-1.0000,0.5000,SIGNAL,0,0,
2026-01-05 09:44:27,2026-01-05 10:40:00,101675.56,-1.0000,0.5000,SIGNAL,0,0,
2026-01-05 09:44:38,2026-01-05 10:40:00,101675.56,-1.0000,0.5000,SIGNAL,0,0,
2026-01-05 09:44:48,2026-01-05 10:40:00,101675.56,-1.0000,0.5000,SIGNAL,0,0,
2026-01-05 09:44:58,2026-01-05 10:45:00,101675.56,-1.0000,0.5000,SIGNAL,0,0,
2026-01-05 09:44:58,2026-01-05 10:45:00,101674.86,-1.0000,0.5000,SELL,0.1,4429.97,LiveTrade
2026-01-05 09:45:08,2026-01-05 10:45:00,101667.56,-1.0000,0.5000,SIGNAL,0,0,
2026-01-05 09:45:19,2026-01-05 10:45:00,101658.16,-1.0000,0.5000,SIGNAL,0,0,
2026-01-05 09:45:29,2026-01-05 10:45:00,101658.16,-1.0000,0.5000,SIGNAL,0,0,
2026-01-05 09:45:39,2026-01-05 10:45:00,101658.16,-1.0000,0.5000,SIGNAL,0,0,
2026-01-05 09:45:49,2026-01-05 10:45:00,101658.16,-1.0000,0.5000,SIGNAL,0,0,
2026-01-05 09:45:59,2026-01-05 10:45:00,101658.16,-1.0000,0.5000,SIGNAL,0,0,
2026-01-05 09:46:10,2026-01-05 10:45:00,101658.16,-1.0000,0.5000,SIGNAL,0,0,
2026-01-05 09:46:20,2026-01-05 10:45:00,101658.16,-1.0000,0.5000,SIGNAL,0,0,
2026-01-05 09:46:30,2026-01-05 10:45:00,101658.16,-1.0000,0.5000,SIGNAL,0,0,
2026-01-05 09:46:40,2026-01-05 10:45:00,101658.16,-1.0000,0.5000,SIGNAL,0,0,
2026-01-05 09:46:50,2026-01-05 10:45:00,101658.16,-1.0000,0.5000,SIGNAL,0,0,
2026-01-05 09:47:01,2026-01-05 10:45:00,101658.16,-1.0000,0.5000,SIGNAL,0,0,
2026-01-05 09:47:11,2026-01-05 10:45:00,101658.16,-1.0000,0.5000,SIGNAL,0,0,
2026-01-05 09:47:21,2026-01-05 10:45:00,101658.16,-1.0000,0.5000,SIGNAL,0,0,
2026-01-05 09:47:31,2026-01-05 10:45:00,101658.16,-1.0000,0.5000,SIGNAL,0,0,
2026-01-05 09:47:41,2026-01-05 10:45:00,101658.16,-1.0000,0.5000,SIGNAL,0,0,
2026-01-05 09:47:52,2026-01-05 10:45:00,101658.16,-1.0000,0.5000,SIGNAL,0,0,
2026-01-05 09:48:02,2026-01-05 10:45:00,101658.16,-1.0000,0.5000,SIGNAL,0,0,
2026-01-05 09:48:12,2026-01-05 10:45:00,101658.16,-1.0000,0.5000,SIGNAL,0,0,
2026-01-05 09:48:22,2026-01-05 10:45:00,101658.16,-1.0000,0.5000,SIGNAL,0,0,
2026-01-05 09:48:33,2026-01-05 10:45:00,101658.16,-1.0000,0.5000,SIGNAL,0,0,
2026-01-05 09:48:43,2026-01-05 10:45:00,101658.16,-1.0000,0.5000,SIGNAL,0,0,
2026-01-05 09:48:53,2026-01-05 10:45:00,101658.16,-1.0000,0.5000,SIGNAL,0,0,
2026-01-05 09:49:03,2026-01-05 10:45:00,101658.16,-1.0000,0.5000,SIGNAL,0,0,
2026-01-05 09:49:14,2026-01-05 10:45:00,101658.16,-1.0000,0.5000,SIGNAL,0,0,
2026-01-05 09:49:24,2026-01-05 10:45:00,101658.16,-1.0000,0.5000,SIGNAL,0,0,
2026-01-05 09:49:35,2026-01-05 10:45:00,101658.16,-1.0000,0.5000,SIGNAL,0,0,
2026-01-05 09:49:45,2026-01-05 10:45:00,101658.16,-1.0000,0.5000,SIGNAL,0,0,
2026-01-05 09:49:55,2026-01-05 10:50:00,101658.16,-1.0000,0.5000,SIGNAL,0,0,
2026-01-05 09:49:55,2026-01-05 10:50:00,101656.76,-1.0000,0.5000,SELL,0.1,4431.99,LiveTrade
2026-01-05 09:50:05,2026-01-05 10:50:00,101652.96,-1.0000,0.5000,SIGNAL,0,0,
2026-01-05 09:50:16,2026-01-05 10:50:00,101654.16,-1.0000,0.5000,SIGNAL,0,0,
2026-01-05 09:50:26,2026-01-05 10:50:00,101653.86,-1.0000,0.5000,SIGNAL,0,0,
2026-01-05 09:50:36,2026-01-05 10:50:00,101655.66,-1.0000,0.5000,SIGNAL,0,0,
2026-01-05 09:50:46,2026-01-05 10:50:00,101656.46,-1.0000,0.5000,SIGNAL,0,0,
2026-01-05 09:50:56,2026-01-05 10:50:00,101651.16,-1.0000,0.5000,SIGNAL,0,0,
